19|解析度|Resolution|解像度|해상도|Resolución|Résolution|Auflösung|Risoluzione|Resolução|Разрешение|الدقة|रिज़ॉल्यूशन|Resolusi|ความละเอียด|Độ phân giải
20|影格率|Frame rate|フレームレート|프레임률|Fotogramas por segundo|Fréquence d’images|Bildrate|Frequenza fotogrammi|Taxa de quadros|Частота кадров|معدل الإطارات|फ़्रेम दर|Laju bingkai|อัตราเฟรม|Tốc độ khung hình
24|雙鏡頭錄影規格|Dual camera video|デュアルカメラの録画設定|듀얼 카메라 동영상|Vídeo con dos cámaras|Vidéo à deux caméras|Video mit zwei Kameras|Video con due fotocamere|Vídeo com duas câmeras|Видео с двух камер|فيديو بكاميرتين|दो कैमरों का वीडियो|Video dua kamera|วิดีโอกล้องคู่|Video hai camera
25|單鏡頭錄影規格|Single camera video|シングルカメラの録画設定|단일 카메라 동영상|Vídeo con una cámara|Vidéo à une caméra|Video mit einer Kamera|Video con una fotocamera|Vídeo com uma câmera|Видео с одной камеры|فيديو بكاميرا واحدة|एक कैमरे का वीडियो|Video satu kamera|วิดีโอกล้องเดียว|Video một camera
26|不支援|Unavailable|非対応|지원 안 됨|No disponible|Non disponible|Nicht verfügbar|Non disponibile|Indisponível|Недоступно|غير متاح|उपलब्ध नहीं|Tidak tersedia|ไม่รองรับ|Không hỗ trợ
27|已選取|Selected|選択済み|선택됨|Seleccionado|Sélectionné|Ausgewählt|Selezionato|Selecionado|Выбрано|محدد|चुना गया|Dipilih|เลือกแล้ว|Đã chọn
28|未選取|Not selected|未選択|선택 안 됨|No seleccionado|Non sélectionné|Nicht ausgewählt|Non selezionato|Não selecionado|Не выбрано|غير محدد|नहीं चुना गया|Tidak dipilih|ยังไม่ได้เลือก|Chưa chọn
29|自動曝光／自動對焦鎖定|AE/AF LOCK|AE/AFロック|AE/AF 잠금|BLOQUEO AE/AF|VERROUILLAGE AE/AF|AE/AF-SPERRE|BLOCCO AE/AF|BLOQUEIO AE/AF|ФИКСАЦИЯ AE/AF|قفل AE/AF|AE/AF लॉक|KUNCI AE/AF|ล็อก AE/AF|KHÓA AE/AF
30|儲存內容|Save content|保存する内容|저장할 내용|Contenido guardado|Contenu enregistré|Gespeicherter Inhalt|Contenuto salvato|Conteúdo salvo|Что сохранять|المحتوى المحفوظ|क्या सहेजें|Konten tersimpan|เนื้อหาที่บันทึก|Nội dung lưu
31|知道了|OK|OK|확인|Aceptar|OK|OK|OK|OK|ОК|حسنًا|ठीक है|OK|ตกลง|OK
32|解鎖並繼續儲存|Unlock to continue saving|ロックを解除して保存を続ける|잠금 해제 후 저장 계속|Desbloquear y continuar|Déverrouiller et continuer|Entsperren und fortfahren|Sblocca e continua|Desbloquear e continuar|Разблокировать и продолжить|افتح القفل لمتابعة الحفظ|अनलॉक करके सहेजना जारी रखें|Buka kunci untuk melanjutkan|ปลดล็อกเพื่อบันทึกต่อ|Mở khóa để lưu tiếp
33|重試待儲存項目|Retry pending saves|未保存の項目を再試行|대기 중인 저장 다시 시도|Reintentar guardados|Réessayer les enregistrements|Speichern erneut versuchen|Riprova i salvataggi|Tentar salvar novamente|Повторить сохранение|إعادة محاولة الحفظ|सहेजने का फिर प्रयास करें|Coba simpan lagi|ลองบันทึกอีกครั้ง|Thử lưu lại
34|設定照片新增權限|Photo access settings|写真への追加を許可|사진 추가 권한 설정|Permisos de Fotos|Autorisation Photos|Fotozugriff einstellen|Permessi Foto|Permissões do app Fotos|Доступ к Фото|إعدادات الوصول للصور|फ़ोटो अनुमति की सेटिंग|Izin akses Foto|ตั้งค่าสิทธิ์เพิ่มรูปภาพ|Quyền thêm ảnh
35|核對相簿後重試…|Check Photos, then retry…|写真を確認して再試行…|사진 앱 확인 후 재시도…|Revisar Fotos y reintentar…|Vérifier Photos et réessayer…|Fotos prüfen und erneut versuchen…|Controlla Foto e riprova…|Verificar Fotos e tentar de novo…|Проверить Фото и повторить…|تحقق من الصور ثم أعد المحاولة…|फ़ोटो जाँचें, फिर कोशिश करें…|Periksa Foto, lalu coba lagi…|ตรวจสอบรูปภาพแล้วลองอีกครั้ง…|Kiểm tra Ảnh rồi thử lại…
36|自動儲存至系統相簿|Automatically save to Photos|写真に自動保存|사진 앱에 자동 저장|Guardar automáticamente en Fotos|Enregistrer automatiquement dans Photos|Automatisch in Fotos speichern|Salva automaticamente in Foto|Salvar automaticamente no Fotos|Автосохранение в Фото|الحفظ التلقائي في الصور|फ़ोटो में अपने आप सहेजें|Simpan otomatis ke Foto|บันทึกในแอปรูปภาพอัตโนมัติ|Tự động lưu vào Ảnh
38|影片|Video|ビデオ|동영상|Vídeo|Vidéo|Video|Video|Vídeo|Видео|فيديو|वीडियो|Video|วิดีโอ|Video
39|影片防手震|Video stabilization|手ぶれ補正|동영상 흔들림 보정|Estabilización de vídeo|Stabilisation vidéo|Videostabilisierung|Stabilizzazione video|Estabilização de vídeo|Стабилизация видео|تثبيت الفيديو|वीडियो स्थिरीकरण|Stabilisasi video|ระบบกันสั่นวิดีโอ|Chống rung video
40|鏡像前置相機|Mirror front camera|フロントカメラを左右反転|전면 카메라 좌우 반전|Reflejar cámara frontal|Miroir de la caméra avant|Frontkamera spiegeln|Rifletti fotocamera anteriore|Espelhar câmera frontal|Зеркальная фронтальная камера|عكس الكاميرا الأمامية|फ़्रंट कैमरा मिरर करें|Cerminkan kamera depan|สะท้อนกล้องหน้า|Lật gương camera trước
41|格線|Grid|グリッド|격자|Cuadrícula|Grille|Raster|Griglia|Grade|Сетка|الشبكة|ग्रिड|Kisi|เส้นตาราง|Lưới
42|水平|Level|水平|수평계|Nivel|Niveau|Wasserwaage|Livella|Nível|Уровень|المستوى|समतल संकेतक|Level|ระดับน้ำ|Cân bằng
43|構圖|Composition|構図|구도|Composición|Composition|Komposition|Composizione|Composição|Композиция|التكوين|कंपोज़िशन|Komposisi|การจัดองค์ประกอบ|Bố cục
45|記錄拍攝位置|Record location|撮影場所を記録|촬영 위치 기록|Guardar ubicación|Enregistrer le lieu|Aufnahmeort speichern|Registra posizione|Registrar localização|Сохранять место съёмки|تسجيل الموقع|स्थान दर्ज करें|Rekam lokasi|บันทึกตำแหน่ง|Ghi vị trí chụp
46|解鎖並設定定位權限|Unlock for location settings|ロックを解除して位置情報を設定|잠금 해제 후 위치 권한 설정|Desbloquear ajustes de ubicación|Déverrouiller les réglages de localisation|Für Ortungsoptionen entsperren|Sblocca le impostazioni di posizione|Desbloquear ajustes de localização|Разблокировать настройки геолокации|افتح القفل لإعدادات الموقع|स्थान सेटिंग के लिए अनलॉक करें|Buka kunci pengaturan lokasi|ปลดล็อกเพื่อตั้งค่าตำแหน่ง|Mở khóa cài đặt vị trí
47|設定定位權限|Location permissions|位置情報のアクセス許可|위치 권한 설정|Permisos de ubicación|Autorisation de localisation|Standortberechtigung|Permessi di posizione|Permissões de localização|Разрешения геолокации|أذونات الموقع|स्थान की अनुमति|Izin lokasi|สิทธิ์ตำแหน่ง|Quyền vị trí
48|位置資訊|Location information|位置情報|위치 정보|Información de ubicación|Informations de localisation|Standortinformationen|Informazioni sulla posizione|Informações de localização|Данные о месте|معلومات الموقع|स्थान की जानकारी|Informasi lokasi|ข้อมูลตำแหน่ง|Thông tin vị trí
50|保留上次拍攝選項|Keep last capture options|前回の撮影設定を保持|마지막 촬영 설정 유지|Conservar ajustes de captura|Conserver les derniers réglages|Letzte Aufnahmeoptionen behalten|Mantieni le ultime impostazioni|Manter os últimos ajustes|Сохранять настройки съёмки|الاحتفاظ بخيارات التصوير السابقة|पिछली कैप्चर सेटिंग रखें|Simpan pengaturan terakhir|คงการตั้งค่าถ่ายล่าสุด|Giữ tùy chọn chụp gần nhất
53|版本|Version|バージョン|버전|Versión|Version|Version|Versione|Versão|Версия|الإصدار|संस्करण|Versi|เวอร์ชัน|Phiên bản
56|相機設定|Camera settings|カメラ設定|카메라 설정|Ajustes de cámara|Réglages de la caméra|Kameraeinstellungen|Impostazioni fotocamera|Ajustes da câmera|Настройки камеры|إعدادات الكاميرا|कैमरा सेटिंग|Pengaturan kamera|การตั้งค่ากล้อง|Cài đặt camera
57|完成|Done|完了|완료|Listo|Terminé|Fertig|Fine|OK|Готово|تم|हो गया|Selesai|เสร็จสิ้น|Xong
58|請先核對系統相簿|Check Photos first|先に写真を確認|먼저 사진 앱 확인|Comprueba Fotos primero|Vérifiez d’abord Photos|Zuerst Fotos prüfen|Controlla prima Foto|Verifique o Fotos primeiro|Сначала проверьте Фото|تحقق من الصور أولًا|पहले फ़ोटो जाँचें|Periksa Foto terlebih dahulu|ตรวจสอบแอปรูปภาพก่อน|Kiểm tra Ảnh trước
59|確認未儲存，重新儲存|Not saved — save again|未保存を確認して再保存|저장되지 않음 확인 후 다시 저장|No se guardó: guardar de nuevo|Non enregistré : réenregistrer|Nicht gespeichert: erneut speichern|Non salvato: salva di nuovo|Não foi salvo: salvar novamente|Не сохранено: сохранить снова|لم يُحفظ: احفظ مجددًا|सहेजा नहीं गया: फिर सहेजें|Belum tersimpan: simpan lagi|ยังไม่ได้บันทึก: บันทึกอีกครั้ง|Chưa lưu: lưu lại
61|拍攝提示|Camera notice|撮影のお知らせ|촬영 알림|Aviso de cámara|Message de la caméra|Kamerahinweis|Avviso fotocamera|Aviso da câmera|Уведомление камеры|تنبيه الكاميرا|कैमरा सूचना|Pemberitahuan kamera|การแจ้งเตือนกล้อง|Thông báo camera
62|儲存提示|Save notice|保存のお知らせ|저장 알림|Aviso de guardado|Message d’enregistrement|Speicherhinweis|Avviso di salvataggio|Aviso de salvamento|Уведомление о сохранении|تنبيه الحفظ|सहेजने की सूचना|Pemberitahuan penyimpanan|การแจ้งเตือนการบันทึก|Thông báo lưu
63|正在恢復相機…|Resuming camera…|カメラを再開中…|카메라 재개 중…|Reanudando cámara…|Reprise de la caméra…|Kamera wird fortgesetzt…|Ripresa della fotocamera…|Retomando a câmera…|Возобновление камеры…|جارٍ استئناف الكاميرا…|कैमरा फिर शुरू हो रहा है…|Melanjutkan kamera…|กำลังเปิดกล้องต่อ…|Đang khôi phục camera…
65|正在對焦|Focusing|ピント調整中|초점 조절 중|Enfocando|Mise au point|Fokussieren|Messa a fuoco|Focando|Фокусировка|جارٍ التركيز|फ़ोकस हो रहा है|Memfokuskan|กำลังโฟกัส|Đang lấy nét
66|前鏡頭|Front camera|フロントカメラ|전면 카메라|Cámara frontal|Caméra avant|Frontkamera|Fotocamera anteriore|Câmera frontal|Фронтальная камера|الكاميرا الأمامية|फ़्रंट कैमरा|Kamera depan|กล้องหน้า|Camera trước
67|後鏡頭|Rear camera|背面カメラ|후면 카메라|Cámara trasera|Caméra arrière|Rückkamera|Fotocamera posteriore|Câmera traseira|Задняя камера|الكاميرا الخلفية|रियर कैमरा|Kamera belakang|กล้องหลัง|Camera sau
71|關閉 Live Photo|Turn off Live Photo|Live Photoをオフ|Live Photo 끄기|Desactivar Live Photo|Désactiver Live Photo|Live Photo deaktivieren|Disattiva Live Photo|Desativar Live Photo|Выключить Live Photo|إيقاف Live Photo|Live Photo बंद करें|Matikan Live Photo|ปิด Live Photo|Tắt Live Photo
72|開啟 Live Photo|Turn on Live Photo|Live Photoをオン|Live Photo 켜기|Activar Live Photo|Activer Live Photo|Live Photo aktivieren|Attiva Live Photo|Ativar Live Photo|Включить Live Photo|تشغيل Live Photo|Live Photo चालू करें|Aktifkan Live Photo|เปิด Live Photo|Bật Live Photo
73|收起拍攝設定|Hide camera options|撮影設定を閉じる|촬영 설정 닫기|Ocultar opciones|Masquer les options|Kameraoptionen schließen|Nascondi opzioni|Ocultar opções|Скрыть параметры|إخفاء خيارات التصوير|कैमरा विकल्प छिपाएँ|Tutup opsi kamera|ซ่อนตัวเลือกกล้อง|Ẩn tùy chọn camera
74|展開拍攝設定|Show camera options|撮影設定を開く|촬영 설정 열기|Mostrar opciones|Afficher les options|Kameraoptionen öffnen|Mostra opzioni|Mostrar opções|Показать параметры|إظهار خيارات التصوير|कैमरा विकल्प दिखाएँ|Tampilkan opsi kamera|แสดงตัวเลือกกล้อง|Hiện tùy chọn camera
75|錄影已鎖定|Recording locked|録画を固定しました|녹화 잠김|Grabación bloqueada|Enregistrement verrouillé|Aufnahme gesperrt|Registrazione bloccata|Gravação bloqueada|Запись зафиксирована|تم تثبيت التسجيل|रिकॉर्डिंग लॉक है|Perekaman terkunci|ล็อกการบันทึกแล้ว|Đã khóa quay video
76|向右拖曳鎖定錄影|Drag right to lock recording|右にドラッグして録画を固定|오른쪽으로 끌어 녹화 잠금|Arrastra a la derecha para bloquear|Glissez à droite pour verrouiller|Nach rechts ziehen zum Sperren|Trascina a destra per bloccare|Arraste à direita para travar|Потяните вправо для фиксации|اسحب يمينًا لتثبيت التسجيل|रिकॉर्डिंग लॉक करने के लिए दाएँ खींचें|Geser kanan untuk mengunci|ลากไปทางขวาเพื่อล็อกการบันทึก|Kéo sang phải để khóa quay
77|錄影中拍照|Take photo while recording|録画中に写真を撮る|녹화 중 사진 촬영|Hacer foto mientras grabas|Prendre une photo pendant la vidéo|Foto während der Aufnahme|Scatta durante la registrazione|Fotografar durante a gravação|Снять фото во время записи|التقاط صورة أثناء التسجيل|रिकॉर्डिंग के दौरान फ़ोटो लें|Foto saat merekam|ถ่ายภาพขณะบันทึก|Chụp ảnh khi đang quay
78|停止錄影|Stop recording|録画を停止|녹화 중지|Detener grabación|Arrêter l’enregistrement|Aufnahme stoppen|Interrompi registrazione|Parar gravação|Остановить запись|إيقاف التسجيل|रिकॉर्डिंग रोकें|Hentikan perekaman|หยุดบันทึก|Dừng quay
79|拍攝雙鏡頭照片|Take dual camera photo|デュアルカメラで撮影|듀얼 카메라 사진 촬영|Foto con dos cámaras|Photo à deux caméras|Foto mit zwei Kameras|Foto con due fotocamere|Foto com duas câmeras|Фото с двух камер|صورة بكاميرتين|दो कैमरों से फ़ोटो लें|Foto dengan dua kamera|ถ่ายภาพกล้องคู่|Chụp bằng hai camera
80|開始雙鏡頭錄影|Record dual camera video|デュアルカメラで録画|듀얼 카메라 녹화 시작|Grabar con dos cámaras|Filmer avec deux caméras|Mit zwei Kameras aufnehmen|Registra con due fotocamere|Gravar com duas câmeras|Запись с двух камер|التسجيل بكاميرتين|दो कैमरों से वीडियो बनाएँ|Rekam dengan dua kamera|บันทึกด้วยกล้องคู่|Quay bằng hai camera
81|拍攝單鏡頭照片|Take single camera photo|シングルカメラで撮影|단일 카메라 사진 촬영|Foto con una cámara|Photo à une caméra|Foto mit einer Kamera|Foto con una fotocamera|Foto com uma câmera|Фото с одной камеры|صورة بكاميرا واحدة|एक कैमरे से फ़ोटो लें|Foto dengan satu kamera|ถ่ายภาพกล้องเดียว|Chụp bằng một camera
82|開始單鏡頭錄影|Record single camera video|シングルカメラで録画|단일 카메라 녹화 시작|Grabar con una cámara|Filmer avec une caméra|Mit einer Kamera aufnehmen|Registra con una fotocamera|Gravar com uma câmera|Запись с одной камеры|التسجيل بكاميرا واحدة|एक कैमरे से वीडियो बनाएँ|Rekam dengan satu kamera|บันทึกด้วยกล้องเดียว|Quay bằng một camera
83|查看儲存提示|View save notice|保存のお知らせを表示|저장 알림 보기|Ver aviso de guardado|Voir le message d’enregistrement|Speicherhinweis anzeigen|Vedi avviso di salvataggio|Ver aviso de salvamento|Показать уведомление|عرض تنبيه الحفظ|सहेजने की सूचना देखें|Lihat pemberitahuan|ดูการแจ้งเตือนการบันทึก|Xem thông báo lưu
84|查看回憶|View memories|思い出を見る|추억 보기|Ver recuerdos|Voir les souvenirs|Erinnerungen ansehen|Vedi ricordi|Ver memórias|Просмотр воспоминаний|عرض الذكريات|यादें देखें|Lihat kenangan|ดูความทรงจำ|Xem kỷ niệm
85|正在儲存：%@|Saving: %@|保存中：%@|저장 중: %@|Guardando: %@|Enregistrement : %@|Speichern: %@|Salvataggio: %@|Salvando: %@|Сохранение: %@|جارٍ الحفظ: %@|सहेज रहे हैं: %@|Menyimpan: %@|กำลังบันทึก: %@|Đang lưu: %@
86|儲存完成|Saved|保存済み|저장 완료|Guardado|Enregistré|Gespeichert|Salvato|Salvo|Сохранено|تم الحفظ|सहेजा गया|Tersimpan|บันทึกแล้ว|Đã lưu
87|交換前後畫面|Swap camera views|前後の映像を入れ替え|앞뒤 화면 바꾸기|Intercambiar vistas|Permuter les vues|Kameraansichten tauschen|Scambia le viste|Trocar visualizações|Поменять виды камер|تبديل عرض الكاميرتين|कैमरा दृश्य बदलें|Tukar tampilan kamera|สลับภาพกล้อง|Đổi khung hình camera
88|切換前後鏡頭|Switch camera|カメラを切り替え|카메라 전환|Cambiar cámara|Changer de caméra|Kamera wechseln|Cambia fotocamera|Trocar câmera|Переключить камеру|تبديل الكاميرا|कैमरा बदलें|Ganti kamera|สลับกล้อง|Đổi camera
89|正在開啟雙鏡頭…|Opening cameras…|カメラを起動中…|카메라 여는 중…|Abriendo cámaras…|Ouverture des caméras…|Kameras werden geöffnet…|Apertura fotocamere…|Abrindo câmeras…|Открытие камер…|جارٍ فتح الكاميرات…|कैमरे खुल रहे हैं…|Membuka kamera…|กำลังเปิดกล้อง…|Đang mở camera…
90|允許使用相機，開始雙面記錄|Allow camera access to start|カメラへのアクセスを許可してください|시작하려면 카메라 접근 허용|Permite la cámara para empezar|Autorisez la caméra pour commencer|Kamerazugriff zum Start erlauben|Consenti la fotocamera per iniziare|Permita acesso à câmera para começar|Разрешите доступ к камере|اسمح بالوصول للكاميرا للبدء|शुरू करने के लिए कैमरा अनुमति दें|Izinkan kamera untuk memulai|อนุญาตกล้องเพื่อเริ่มต้น|Cho phép camera để bắt đầu
91|解鎖並開啟權限|Unlock and allow access|ロックを解除してアクセスを許可|잠금 해제 후 접근 허용|Desbloquear y permitir acceso|Déverrouiller et autoriser|Entsperren und Zugriff erlauben|Sblocca e autorizza|Desbloquear e permitir acesso|Разблокировать и разрешить|افتح القفل واسمح بالوصول|अनलॉक करके अनुमति दें|Buka kunci dan izinkan|ปลดล็อกและอนุญาต|Mở khóa và cho phép
92|開啟系統設定|Open Settings|設定を開く|시스템 설정 열기|Abrir Ajustes|Ouvrir Réglages|Einstellungen öffnen|Apri Impostazioni|Abrir Ajustes|Открыть Настройки|فتح الإعدادات|सेटिंग खोलें|Buka Pengaturan|เปิดการตั้งค่า|Mở Cài đặt
93|暫時無法拍攝|Camera unavailable|撮影できません|촬영할 수 없음|Cámara no disponible|Caméra indisponible|Kamera nicht verfügbar|Fotocamera non disponibile|Câmera indisponível|Камера недоступна|الكاميرا غير متاحة|कैमरा उपलब्ध नहीं|Kamera tidak tersedia|กล้องไม่พร้อมใช้งาน|Camera chưa sẵn sàng
94|重新開啟相機|Reopen camera|カメラを再起動|카메라 다시 열기|Reabrir cámara|Rouvrir la caméra|Kamera erneut öffnen|Riapri fotocamera|Reabrir câmera|Открыть камеру снова|إعادة فتح الكاميرا|कैमरा फिर खोलें|Buka kembali kamera|เปิดกล้องใหม่|Mở lại camera
95|相機已暫停|Camera paused|カメラを一時停止中|카메라 일시 정지|Cámara en pausa|Caméra en pause|Kamera pausiert|Fotocamera in pausa|Câmera pausada|Камера приостановлена|الكاميرا متوقفة مؤقتًا|कैमरा रुका हुआ है|Kamera dijeda|กล้องหยุดชั่วคราว|Camera đang tạm dừng
96|一次拍攝，兩個視角|One moment, two perspectives|ひとつの瞬間、ふたつの視点|한 순간, 두 시선|Un momento, dos perspectivas|Un instant, deux regards|Ein Moment, zwei Perspektiven|Un momento, due prospettive|Um momento, duas perspectivas|Один момент, два взгляда|لحظة واحدة، منظوران|एक पल, दो नज़रिए|Satu momen, dua sudut pandang|หนึ่งช่วงเวลา สองมุมมอง|Một khoảnh khắc, hai góc nhìn
98|原片留在 App|Originals stay in the app|オリジナルはアプリに保存|원본은 앱에 보관|Originales en la app|Originaux dans l’app|Originale bleiben in der App|Originali nell’app|Originais no app|Оригиналы остаются в приложении|الأصول تبقى في التطبيق|मूल फ़ाइलें ऐप में रहेंगी|File asli tetap di aplikasi|เก็บต้นฉบับในแอป|Giữ bản gốc trong ứng dụng
100|成品儲存至相簿|Finished captures in Photos|完成した写真や動画を写真に保存|완성본은 사진 앱에 저장|Capturas finales en Fotos|Résultats dans Photos|Fertige Aufnahmen in Fotos|Risultati in Foto|Capturas finais no Fotos|Готовые снимки в Фото|النتائج النهائية في الصور|तैयार तस्वीरें फ़ोटो में|Hasil akhir di Foto|บันทึกผลงานในแอปรูปภาพ|Lưu thành phẩm vào Ảnh
107|解鎖並開啟位置|Unlock to enable location|ロックを解除して位置情報をオン|잠금 해제 후 위치 켜기|Desbloquear para activar ubicación|Déverrouiller pour activer la localisation|Entsperren und Standort aktivieren|Sblocca per attivare la posizione|Desbloquear para ativar localização|Разблокировать для геолокации|افتح القفل لتفعيل الموقع|स्थान चालू करने के लिए अनलॉक करें|Buka kunci untuk lokasi|ปลดล็อกเพื่อเปิดตำแหน่ง|Mở khóa để bật vị trí
108|允許記錄位置|Allow location recording|位置情報の記録を許可|위치 기록 허용|Permitir guardar ubicación|Autoriser l’enregistrement du lieu|Standortaufzeichnung erlauben|Consenti registrazione posizione|Permitir registro de localização|Разрешить запись места|السماح بتسجيل الموقع|स्थान दर्ज करने दें|Izinkan pencatatan lokasi|อนุญาตให้บันทึกตำแหน่ง|Cho phép ghi vị trí
111|拍攝位置|Capture location|撮影場所|촬영 위치|Lugar de captura|Lieu de prise de vue|Aufnahmeort|Luogo dello scatto|Local da captura|Место съёмки|موقع التصوير|कैप्चर का स्थान|Lokasi pengambilan|ตำแหน่งที่ถ่าย|Vị trí chụp
112|放開繼續錄影|Release to keep recording|指を離して録画を継続|손을 떼어도 녹화 계속|Suelta para seguir grabando|Relâchez pour continuer|Loslassen, um weiter aufzunehmen|Rilascia per continuare|Solte para continuar gravando|Отпустите для продолжения|ارفع إصبعك لمتابعة التسجيل|रिकॉर्डिंग जारी रखने के लिए छोड़ें|Lepaskan untuk terus merekam|ปล่อยเพื่อบันทึกต่อ|Thả tay để tiếp tục quay
113|向右滑動鎖定 · 放開結束|Slide right to lock · Release to stop|右にスライドで固定・離すと終了|오른쪽으로 밀어 잠금 · 놓으면 종료|Desliza a la derecha para bloquear · Suelta para parar|Glissez à droite pour verrouiller · Relâchez pour arrêter|Rechts schieben zum Sperren · Loslassen zum Stoppen|Scorri a destra per bloccare · Rilascia per fermare|Deslize à direita para travar · Solte para parar|Вправо — фиксация · Отпустить — стоп|اسحب يمينًا للتثبيت · ارفع إصبعك للإيقاف|दाएँ खिसकाकर लॉक करें · छोड़कर रोकें|Geser kanan untuk mengunci · Lepaskan untuk berhenti|เลื่อนขวาเพื่อล็อก · ปล่อยเพื่อหยุด|Vuốt phải để khóa · Thả để dừng
114|輕點右側白色按鈕拍照|Tap the white button on the right for a photo|右の白いボタンで写真を撮影|오른쪽 흰색 버튼으로 사진 촬영|Toca el botón blanco derecho para una foto|Touchez le bouton blanc à droite pour une photo|Weiße Taste rechts für ein Foto antippen|Tocca il pulsante bianco a destra per una foto|Toque no botão branco à direita para fotografar|Нажмите белую кнопку справа для фото|اضغط الزر الأبيض يمينًا لالتقاط صورة|फ़ोटो के लिए दायाँ सफ़ेद बटन दबाएँ|Ketuk tombol putih di kanan untuk foto|แตะปุ่มสีขาวด้านขวาเพื่อถ่ายภาพ|Chạm nút trắng bên phải để chụp ảnh
115|正在開始錄影…|Starting recording…|録画を開始中…|녹화 시작 중…|Iniciando grabación…|Démarrage de l’enregistrement…|Aufnahme wird gestartet…|Avvio registrazione…|Iniciando gravação…|Начало записи…|جارٍ بدء التسجيل…|रिकॉर्डिंग शुरू हो रही है…|Memulai perekaman…|กำลังเริ่มบันทึก…|Đang bắt đầu quay…
117|小視窗，輕點交換前後畫面|Inset view. Tap to swap cameras|小窓。タップで前後を入れ替え|작은 창. 탭하여 앞뒤 화면 전환|Ventana pequeña. Toca para intercambiar|Petite fenêtre. Touchez pour permuter|Kleines Bild. Antippen zum Tauschen|Riquadro. Tocca per scambiare le viste|Janela menor. Toque para trocar|Малое окно. Нажмите для смены видов|نافذة مصغرة. اضغط لتبديل الكاميرتين|छोटी विंडो। कैमरे बदलने के लिए टैप करें|Jendela kecil. Ketuk untuk menukar|หน้าต่างเล็ก แตะเพื่อสลับกล้อง|Cửa sổ nhỏ. Chạm để đổi camera
119|相機溫度較高，已自動降低拍攝負載|Camera is warm. Capture load reduced|カメラの温度が高いため負荷を軽減しました|카메라 온도가 높아 부하를 줄였습니다|Cámara caliente. Carga reducida|Caméra chaude. Charge réduite|Kamera ist warm. Last reduziert|Fotocamera calda. Carico ridotto|Câmera aquecida. Carga reduzida|Камера нагрелась. Нагрузка снижена|الكاميرا دافئة. تم تقليل الحمل|कैमरा गर्म है। लोड कम किया गया|Kamera hangat. Beban dikurangi|กล้องร้อน จึงลดภาระการทำงาน|Camera nóng. Đã giảm tải
120|相機功耗較高，已自動降低拍攝負載|High camera power use. Capture load reduced|カメラの消費電力が高いため負荷を軽減しました|카메라 전력 사용량이 높아 부하를 줄였습니다|Consumo elevado. Carga reducida|Consommation élevée. Charge réduite|Hoher Stromverbrauch. Last reduziert|Consumo elevato. Carico ridotto|Consumo alto. Carga reduzida|Высокое энергопотребление. Нагрузка снижена|استهلاك طاقة مرتفع. تم تقليل الحمل|कैमरे की बिजली खपत अधिक है। लोड कम किया|Konsumsi daya tinggi. Beban dikurangi|ใช้พลังงานสูง จึงลดภาระการทำงาน|Mức tiêu thụ điện cao. Đã giảm tải
121|相機負載較高，已自動最佳化|Camera load is high. Performance adjusted|カメラの負荷に合わせて動作を調整しました|카메라 부하에 맞게 성능을 조정했습니다|Carga alta. Rendimiento ajustado|Charge élevée. Performances adaptées|Hohe Kameralast. Leistung angepasst|Carico elevato. Prestazioni adattate|Carga alta. Desempenho ajustado|Высокая нагрузка. Работа оптимизирована|حمل الكاميرا مرتفع. تم ضبط الأداء|कैमरे का लोड अधिक है। प्रदर्शन समायोजित|Beban kamera tinggi. Kinerja disesuaikan|กล้องทำงานหนัก จึงปรับประสิทธิภาพ|Tải camera cao. Đã điều chỉnh hiệu năng
150|（目前 %@ fps）|(currently %@ fps)|（現在 %@ fps）|(현재 %@ fps)|(actualmente %@ fps)|(actuellement %@ fps)|(aktuell %@ fps)|(attualmente %@ fps)|(atualmente %@ fps)|(сейчас %@ fps)|(حاليًا %@ fps)|(अभी %@ fps)|(saat ini %@ fps)|(ขณะนี้ %@ fps)|(hiện tại %@ fps)
174|回憶畫面|Memory viewer|思い出のビューア|추억 뷰어|Visor de recuerdos|Visionneuse de souvenirs|Erinnerungsansicht|Visualizzatore ricordi|Visualizador de memórias|Просмотр воспоминаний|عارض الذكريات|यादों का व्यूअर|Penampil kenangan|หน้าดูความทรงจำ|Trình xem kỷ niệm
175|雙指縮放，點兩下放大或還原，輕點顯示或隱藏工具列|Pinch to zoom. Double-tap to zoom or reset. Tap to show or hide controls|ピンチで拡大縮小、ダブルタップで拡大・リセット、タップで操作部を表示・非表示|두 손가락으로 확대·축소, 두 번 탭하여 확대·복원, 한 번 탭하여 도구 표시·숨기기|Pellizca para ampliar. Doble toque para ampliar o restablecer. Toca para mostrar u ocultar controles|Pincez pour zoomer. Touchez deux fois pour agrandir ou réinitialiser, une fois pour les commandes|Zum Zoomen zwei Finger nutzen. Doppeltippen zum Vergrößern oder Zurücksetzen, tippen für Bedienelemente|Pizzica per lo zoom. Tocca due volte per ingrandire o ripristinare, una volta per i controlli|Use dois dedos para zoom. Toque duas vezes para ampliar ou restaurar, uma vez para os controles|Масштаб — двумя пальцами. Двойное касание — увеличить или сбросить, одиночное — показать кнопки|باعد إصبعيك للتكبير. اضغط مرتين للتكبير أو الإعادة، ومرة لإظهار الأدوات أو إخفائها|दो उँगलियों से ज़ूम करें। दो बार टैप से ज़ूम या रीसेट, एक बार से नियंत्रण दिखाएँ या छिपाएँ|Cubit untuk zoom. Ketuk dua kali untuk zoom atau reset, sekali untuk menampilkan kontrol|จีบสองนิ้วเพื่อซูม แตะสองครั้งเพื่อขยายหรือคืนค่า แตะครั้งเดียวเพื่อแสดงหรือซ่อนปุ่ม|Chụm hai ngón để thu phóng. Chạm hai lần để phóng to hoặc đặt lại, một lần để hiện hoặc ẩn nút
176|未知|Unknown|不明|알 수 없음|Desconocido|Inconnu|Unbekannt|Sconosciuto|Desconhecido|Неизвестно|غير معروف|अज्ञात|Tidak diketahui|ไม่ทราบ|Không rõ
179|位置已就緒|Location ready|位置情報を取得済み|위치 준비됨|Ubicación disponible|Position disponible|Standort verfügbar|Posizione disponibile|Localização pronta|Местоположение определено|الموقع جاهز|स्थान तैयार है|Lokasi siap|ตำแหน่งพร้อมแล้ว|Đã có vị trí
180|正在定位|Finding location|位置情報を取得中|위치 확인 중|Buscando ubicación|Recherche de position|Standort wird ermittelt|Ricerca posizione|Buscando localização|Поиск местоположения|جارٍ تحديد الموقع|स्थान खोज रहे हैं|Mencari lokasi|กำลังค้นหาตำแหน่ง|Đang tìm vị trí
181|開啟拍攝位置|Enable capture location|撮影場所を有効にする|촬영 위치 켜기|Activar ubicación|Activer la localisation|Aufnahmeort aktivieren|Attiva posizione|Ativar localização|Включить место съёмки|تفعيل موقع التصوير|कैप्चर स्थान चालू करें|Aktifkan lokasi|เปิดตำแหน่งที่ถ่าย|Bật vị trí chụp
182|未記錄位置|No location recorded|位置情報なし|기록된 위치 없음|Sin ubicación|Lieu non enregistré|Kein Standort gespeichert|Posizione non registrata|Sem localização registrada|Место не записано|لم يُسجل الموقع|स्थान दर्ज नहीं है|Lokasi tidak direkam|ไม่ได้บันทึกตำแหน่ง|Chưa ghi vị trí
183|照片|Photo|写真|사진|Foto|Photo|Foto|Foto|Foto|Фото|صورة|फ़ोटो|Foto|ภาพถ่าย|Ảnh
184|單拍|Photo|写真|사진|Foto|Photo|Foto|Foto|Foto|Фото|صورة|फ़ोटो|Foto|ภาพ|Ảnh
185|單錄|Video|ビデオ|동영상|Vídeo|Vidéo|Video|Video|Vídeo|Видео|فيديو|वीडियो|Video|วิดีโอ|Video
186|雙拍|Dual photo|デュアル写真|듀얼 사진|Foto dual|Photo duo|Doppelfoto|Foto doppia|Foto dupla|Два фото|صورة مزدوجة|दोहरा फ़ोटो|Foto ganda|ภาพคู่|Ảnh đôi
187|雙錄|Dual video|デュアル動画|듀얼 영상|Vídeo dual|Vidéo duo|Doppelvideo|Video doppio|Vídeo duplo|Два видео|فيديو مزدوج|दोहरा वीडियो|Video ganda|วิดีโอคู่|Video đôi
188|雙鏡頭|Dual camera|デュアルカメラ|듀얼 카메라|Dos cámaras|Deux caméras|Zwei Kameras|Due fotocamere|Duas câmeras|Две камеры|كاميرتان|दो कैमरे|Dua kamera|กล้องคู่|Hai camera
189|單鏡頭|Single camera|シングルカメラ|단일 카메라|Una cámara|Une caméra|Eine Kamera|Una fotocamera|Uma câmera|Одна камера|كاميرا واحدة|एक कैमरा|Satu kamera|กล้องเดียว|Một camera
195|%@ 倍|%@×|%@倍|%@배|%@×|%@×|%@×|%@×|%@×|%@×|%@×|%@×|%@×|%@ เท่า|%@×
196|精細變焦，最大 %@ 倍|Fine zoom, up to %@×|細かいズーム調整、最大%@倍|미세 줌, 최대 %@배|Zoom preciso, hasta %@×|Zoom précis, jusqu’à %@×|Feinzoom, bis %@×|Zoom preciso, fino a %@×|Zoom preciso, até %@×|Точный зум, до %@×|تكبير دقيق حتى %@×|सूक्ष्म ज़ूम, अधिकतम %@×|Zoom presisi, hingga %@×|ซูมละเอียด สูงสุด %@ เท่า|Thu phóng chính xác, tối đa %@×
197|縮小取景範圍|Narrower view|画角を狭くする|화각 좁히기|Vista más estrecha|Champ plus étroit|Engerer Bildwinkel|Inquadratura più stretta|Enquadramento mais fechado|Сузить поле зрения|مجال رؤية أضيق|संकरा दृश्य|Sudut lebih sempit|มุมมองแคบลง|Thu hẹp góc nhìn
198|擴大取景範圍|Wider view|画角を広くする|화각 넓히기|Vista más amplia|Champ plus large|Weiterer Bildwinkel|Inquadratura più ampia|Enquadramento mais amplo|Расширить поле зрения|مجال رؤية أوسع|चौड़ा दृश्य|Sudut lebih lebar|มุมมองกว้างขึ้น|Mở rộng góc nhìn
199|廣角|Wide|広角|광각|Amplio|Large|Weit|Ampio|Amplo|Широкий|واسع|चौड़ा|Lebar|กว้าง|Góc rộng
200|近景|Close|クローズアップ|가까이|Cercano|Rapproché|Nah|Ravvicinato|Próximo|Близкий|قريب|नज़दीक|Dekat|ใกล้|Cận cảnh
201|第一段回憶，等你拍下|Your first memory awaits|最初の思い出を撮影しましょう|첫 추억을 담아 보세요|Tu primer recuerdo te espera|Votre premier souvenir vous attend|Deine erste Erinnerung wartet|Il tuo primo ricordo ti aspetta|Sua primeira memória espera por você|Ваше первое воспоминание ждёт|ذكراك الأولى بانتظارك|आपकी पहली याद आपका इंतज़ार कर रही है|Kenangan pertama menantimu|ความทรงจำแรกกำลังรอคุณ|Kỷ niệm đầu tiên đang chờ bạn
203|回憶：%@|Memories: %@|思い出：%@|추억: %@|Recuerdos: %@|Souvenirs : %@|Erinnerungen: %@|Ricordi: %@|Memórias: %@|Воспоминания: %@|الذكريات: %@|यादें: %@|Kenangan: %@|ความทรงจำ: %@|Kỷ niệm: %@
204|原片已保留|Originals retained|オリジナルを保持|원본 보관됨|Originales conservados|Originaux conservés|Originale behalten|Originali conservati|Originais preservados|Оригиналы сохранены|تم الاحتفاظ بالأصول|मूल फ़ाइलें सुरक्षित हैं|File asli disimpan|เก็บต้นฉบับแล้ว|Đã giữ bản gốc
205|本次拍攝|This session|今回の撮影|이번 촬영|Esta sesión|Cette session|Diese Sitzung|Questa sessione|Esta sessão|Текущая съёмка|جلسة التصوير الحالية|इस बार की कैप्चर|Sesi ini|การถ่ายครั้งนี้|Lần chụp này
206|我們的回憶|Our memories|私たちの思い出|우리의 추억|Nuestros recuerdos|Nos souvenirs|Unsere Erinnerungen|I nostri ricordi|Nossas memórias|Наши воспоминания|ذكرياتنا|हमारी यादें|Kenangan kita|ความทรงจำของเรา|Kỷ niệm của chúng ta
208|解鎖以查看全部回憶|Unlock to view all memories|ロックを解除してすべての思い出を見る|잠금 해제 후 모든 추억 보기|Desbloquear todos los recuerdos|Déverrouiller tous les souvenirs|Für alle Erinnerungen entsperren|Sblocca tutti i ricordi|Desbloquear todas as memórias|Разблокировать все воспоминания|افتح القفل لعرض كل الذكريات|सभी यादें देखने के लिए अनलॉक करें|Buka kunci semua kenangan|ปลดล็อกเพื่อดูความทรงจำทั้งหมด|Mở khóa để xem mọi kỷ niệm
209|拍攝|Camera|撮影|촬영|Cámara|Caméra|Kamera|Fotocamera|Câmera|Камера|الكاميرا|कैमरा|Kamera|กล้อง|Camera
210|未完成解鎖|Unlock incomplete|ロック解除が未完了|잠금 해제 미완료|Desbloqueo incompleto|Déverrouillage incomplet|Entsperren nicht abgeschlossen|Sblocco incompleto|Desbloqueio incompleto|Разблокировка не завершена|لم يكتمل فتح القفل|अनलॉक पूरा नहीं हुआ|Buka kunci belum selesai|ปลดล็อกไม่สำเร็จ|Chưa mở khóa xong
211|拍攝中斷 · 查看素材|Capture interrupted · Review files|撮影中断・素材を確認|촬영 중단 · 파일 확인|Captura interrumpida · Revisar|Capture interrompue · Vérifier|Aufnahme unterbrochen · Dateien ansehen|Ripresa interrotta · Controlla|Captura interrompida · Verificar|Съёмка прервана · Проверить файлы|توقف التصوير · راجع الملفات|कैप्चर बाधित · फ़ाइलें देखें|Pengambilan terputus · Periksa|การถ่ายถูกขัดจังหวะ · ตรวจสอบไฟล์|Chụp bị gián đoạn · Xem tệp
212|拍攝資訊|Capture information|撮影情報|촬영 정보|Información de captura|Informations de prise de vue|Aufnahmeinformationen|Informazioni di ripresa|Informações da captura|Информация о съёмке|معلومات التصوير|कैप्चर की जानकारी|Informasi pengambilan|ข้อมูลการถ่าย|Thông tin chụp
213|%@, %@ · ±%@ 公尺|%@, %@ · ±%@ m|%@, %@ · ±%@ m|%@, %@ · ±%@ m|%@, %@ · ±%@ m|%@, %@ · ±%@ m|%@, %@ · ±%@ m|%@, %@ · ±%@ m|%@, %@ · ±%@ m|%@, %@ · ±%@ м|%@, %@ · ±%@ م|%@, %@ · ±%@ मी|%@, %@ · ±%@ m|%@, %@ · ±%@ ม.|%@, %@ · ±%@ m
214|這段回憶沒有拍攝資訊|No capture information|撮影情報がありません|촬영 정보 없음|Sin información de captura|Aucune information de prise de vue|Keine Aufnahmeinformationen|Nessuna informazione di ripresa|Sem informações da captura|Нет данных о съёмке|لا توجد معلومات تصوير|कैप्चर की जानकारी नहीं है|Tidak ada informasi pengambilan|ไม่มีข้อมูลการถ่าย|Không có thông tin chụp
215|舊回憶不會補寫推測資料|Missing details are not guessed|不明な情報は推測しません|누락된 정보는 추정하지 않습니다|No se inventan datos faltantes|Les données manquantes ne sont pas devinées|Fehlende Angaben werden nicht geschätzt|I dati mancanti non vengono stimati|Dados ausentes não são estimados|Отсутствующие данные не угадываются|لا يتم تخمين البيانات المفقودة|गुम जानकारी का अनुमान नहीं लगाया जाता|Data yang hilang tidak ditebak|ไม่คาดเดาข้อมูลที่หายไป|Không suy đoán thông tin thiếu
216|已記錄裝置資訊|Device information recorded|デバイス情報を記録済み|기기 정보 기록됨|Información del dispositivo guardada|Informations de l’appareil enregistrées|Geräteinformationen gespeichert|Informazioni dispositivo registrate|Informações do dispositivo salvas|Данные устройства записаны|تم تسجيل معلومات الجهاز|डिवाइस की जानकारी दर्ज है|Informasi perangkat direkam|บันทึกข้อมูลอุปกรณ์แล้ว|Đã ghi thông tin thiết bị
217|雙鏡頭 %@×%@ · %@ fps|Dual %@×%@ · %@ fps|デュアル %@×%@ · %@ fps|듀얼 %@×%@ · %@ fps|Dual %@×%@ · %@ fps|Duo %@×%@ · %@ fps|Dual %@×%@ · %@ fps|Doppia %@×%@ · %@ fps|Dupla %@×%@ · %@ fps|Две камеры %@×%@ · %@ fps|مزدوج %@×%@ · %@ fps|दो कैमरे %@×%@ · %@ fps|Ganda %@×%@ · %@ fps|กล้องคู่ %@×%@ · %@ fps|Hai camera %@×%@ · %@ fps
221|新拍攝會自動儲存至系統相簿|New captures save to Photos automatically|新しい撮影は写真に自動保存されます|새 촬영은 사진 앱에 자동 저장됩니다|Las nuevas capturas se guardan automáticamente en Fotos|Les nouvelles captures sont enregistrées dans Photos|Neue Aufnahmen werden automatisch in Fotos gespeichert|Le nuove riprese si salvano automaticamente in Foto|Novas capturas são salvas automaticamente no Fotos|Новые снимки автоматически сохраняются в Фото|تُحفظ اللقطات الجديدة تلقائيًا في الصور|नई कैप्चर अपने आप फ़ोटो में सहेजी जाएँगी|Hasil baru otomatis disimpan ke Foto|การถ่ายใหม่จะบันทึกในแอปรูปภาพอัตโนมัติ|Ảnh và video mới tự động lưu vào Ảnh
226|正在儲存實況照片至系統相簿…|Saving Live Photo to Photos…|Live Photoを写真に保存中…|Live Photo를 사진 앱에 저장 중…|Guardando Live Photo en Fotos…|Enregistrement de Live Photo dans Photos…|Live Photo wird in Fotos gespeichert…|Salvataggio Live Photo in Foto…|Salvando Live Photo no Fotos…|Сохранение Live Photo в Фото…|جارٍ حفظ Live Photo في الصور…|Live Photo को फ़ोटो में सहेज रहे हैं…|Menyimpan Live Photo ke Foto…|กำลังบันทึก Live Photo ในแอปรูปภาพ…|Đang lưu Live Photo vào Ảnh…
227|正在儲存照片至系統相簿…|Saving photo to Photos…|写真に保存中…|사진 앱에 사진 저장 중…|Guardando foto en Fotos…|Enregistrement de la photo…|Bild wird in Fotos gespeichert…|Salvataggio immagine in Foto…|Salvando foto no Fotos…|Сохранение снимка в Фото…|جارٍ حفظ الصورة في الصور…|फ़ोटो सहेज रहे हैं…|Menyimpan foto ke Foto…|กำลังบันทึกภาพในแอปรูปภาพ…|Đang lưu ảnh vào Ảnh…
228|正在儲存影片至系統相簿…|Saving video to Photos…|ビデオを写真に保存中…|사진 앱에 동영상 저장 중…|Guardando vídeo en Fotos…|Enregistrement de la vidéo dans Photos…|Video wird in Fotos gespeichert…|Salvataggio video in Foto…|Salvando vídeo no Fotos…|Сохранение видео в Фото…|جارٍ حفظ الفيديو في الصور…|वीडियो फ़ोटो में सहेज रहे हैं…|Menyimpan video ke Foto…|กำลังบันทึกวิดีโอในแอปรูปภาพ…|Đang lưu video vào Ảnh…
229|已儲存至系統相簿|Saved to Photos|写真に保存しました|사진 앱에 저장됨|Guardado en Fotos|Enregistré dans Photos|In Fotos gespeichert|Salvato in Foto|Salvo no Fotos|Сохранено в Фото|تم الحفظ في الصور|फ़ोटो में सहेजा गया|Tersimpan di Foto|บันทึกในแอปรูปภาพแล้ว|Đã lưu vào Ảnh
231|待儲存至相簿：%@|Pending Photos saves: %@|写真への保存待ち：%@|사진 앱 저장 대기: %@|Pendientes en Fotos: %@|En attente dans Photos : %@|Ausstehende Fotos-Speicherungen: %@|Salvataggi in attesa: %@|Pendentes no Fotos: %@|Ожидают сохранения в Фото: %@|بانتظار الحفظ في الصور: %@|फ़ोटो में सहेजना बाकी: %@|Menunggu simpan ke Foto: %@|รอบันทึกในแอปรูปภาพ: %@|Đang chờ lưu vào Ảnh: %@
233|補光燈|Light|ライト|조명|Luz|Éclairage|Licht|Luce|Luz|Подсветка|الإضاءة|लाइट|Lampu|ไฟส่องสว่าง|Đèn chiếu sáng
234|閃光燈|Flash|フラッシュ|플래시|Flash|Flash|Blitz|Flash|Flash|Вспышка|الفلاش|फ़्लैश|Lampu kilat|แฟลช|Đèn flash
235|實況|Live|ライブ|라이브|Live|Live|Live|Live|Live|Live|مباشر|लाइव|Live|Live|Live
236|寬高比|Aspect ratio|縦横比|화면 비율|Proporción|Format|Seitenverhältnis|Proporzioni|Proporção|Соотношение сторон|نسبة الأبعاد|आस्पेक्ट रेशियो|Rasio aspek|อัตราส่วนภาพ|Tỷ lệ khung hình
237|曝光|Exposure|露出|노출|Exposición|Exposition|Belichtung|Esposizione|Exposição|Экспозиция|التعريض|एक्सपोज़र|Pencahayaan|การรับแสง|Phơi sáng
238|設定|Settings|設定|설정|Ajustes|Réglages|Einstellungen|Impostazioni|Ajustes|Настройки|الإعدادات|सेटिंग|Pengaturan|การตั้งค่า|Cài đặt
239|已開啟|On|オン|켜짐|Activado|Activé|Ein|Attivo|Ativado|Вкл.|مفعّل|चालू|Aktif|เปิด|Bật
240|已關閉|Off|オフ|꺼짐|Desactivado|Désactivé|Aus|Disattivo|Desativado|Выкл.|متوقف|बंद|Nonaktif|ปิด|Tắt
241|返回拍攝選項|Back to camera options|撮影設定に戻る|촬영 옵션으로 돌아가기|Volver a opciones de cámara|Retour aux options de caméra|Zurück zu Kameraoptionen|Torna alle opzioni|Voltar às opções|Назад к параметрам камеры|العودة لخيارات الكاميرا|कैमरा विकल्प पर वापस जाएँ|Kembali ke opsi kamera|กลับไปตัวเลือกกล้อง|Về tùy chọn camera
242|調整主畫面取景，小視窗比例保持不變|Change the main frame. The inset keeps its ratio|メイン画面の比率を変更します。小窓の比率は変わりません|큰 화면만 변경하며 작은 창의 비율은 유지됩니다|Cambia el encuadre principal. La ventana mantiene su proporción|Modifie le cadre principal. Le petit cadre conserve son format|Ändert das Hauptbild. Das kleine Bild behält sein Format|Cambia il riquadro principale. Quello piccolo mantiene le proporzioni|Altera o quadro principal. A janela menor mantém a proporção|Меняется основной кадр. Пропорции малого окна сохраняются|غيّر الإطار الرئيسي. تحتفظ النافذة الصغيرة بنسبتها|मुख्य फ़्रेम बदलें। छोटी विंडो का अनुपात वही रहेगा|Ubah bingkai utama. Rasio jendela kecil tetap|เปลี่ยนกรอบหลัก โดยคงอัตราส่วนหน้าต่างเล็ก|Đổi khung chính. Khung nhỏ giữ nguyên tỷ lệ
243|主畫面曝光|Main camera exposure|メインカメラの露出|주 화면 노출|Exposición de cámara principal|Exposition de la caméra principale|Belichtung der Hauptkamera|Esposizione della fotocamera principale|Exposição da câmera principal|Экспозиция основной камеры|تعريض الكاميرا الرئيسية|मुख्य कैमरे का एक्सपोज़र|Pencahayaan kamera utama|การรับแสงกล้องหลัก|Phơi sáng camera chính
244|恢復自動曝光|Reset exposure|露出をリセット|자동 노출 복원|Restablecer exposición|Réinitialiser l’exposition|Belichtung zurücksetzen|Ripristina esposizione|Redefinir exposição|Сбросить экспозицию|إعادة ضبط التعريض|एक्सपोज़र रीसेट करें|Atur ulang pencahayaan|รีเซ็ตการรับแสง|Đặt lại phơi sáng
249|按住播放|Hold to play|長押しで再生|길게 눌러 재생|Mantén para reproducir|Maintenez pour lire|Zum Abspielen halten|Tieni premuto per riprodurre|Mantenha para reproduzir|Удерживайте для просмотра|اضغط مطولًا للتشغيل|चलाने के लिए दबाए रखें|Tahan untuk memutar|กดค้างเพื่อเล่น|Nhấn giữ để phát
250|正在準備 LIVE|Preparing LIVE|LIVEを準備中|LIVE 준비 중|Preparando LIVE|Préparation de LIVE|LIVE wird vorbereitet|Preparazione LIVE|Preparando LIVE|Подготовка LIVE|جارٍ تجهيز LIVE|LIVE तैयार हो रहा है|Menyiapkan LIVE|กำลังเตรียม LIVE|Đang chuẩn bị LIVE
251|儲存至相簿|Save to Photos|写真に保存|사진 앱에 저장|Guardar en Fotos|Enregistrer dans Photos|In Fotos speichern|Salva in Foto|Salvar no Fotos|Сохранить в Фото|حفظ في الصور|फ़ोटो में सहेजें|Simpan ke Foto|บันทึกในแอปรูปภาพ|Lưu vào Ảnh
252|播放提示|Playback notice|再生のお知らせ|재생 알림|Aviso de reproducción|Message de lecture|Wiedergabehinweis|Avviso di riproduzione|Aviso de reprodução|Уведомление о просмотре|تنبيه التشغيل|प्लेबैक सूचना|Pemberitahuan pemutaran|การแจ้งเตือนการเล่น|Thông báo phát
253|返回回憶|Back to memories|思い出に戻る|추억으로 돌아가기|Volver a recuerdos|Retour aux souvenirs|Zurück zu Erinnerungen|Torna ai ricordi|Voltar às memórias|Назад к воспоминаниям|العودة إلى الذكريات|यादों पर वापस जाएँ|Kembali ke kenangan|กลับไปความทรงจำ|Về kỷ niệm
254|Live Photo 動態畫面|Live Photo motion|Live Photoの動画|Live Photo 동영상|Movimiento de Live Photo|Animation Live Photo|Live-Photo-Bewegung|Movimento Live Photo|Movimento do Live Photo|Движение Live Photo|حركة Live Photo|Live Photo की गतिविधि|Gerakan Live Photo|ภาพเคลื่อนไหว Live Photo|Chuyển động Live Photo
255|正在播放|Playing|再生中|재생 중|Reproduciendo|Lecture en cours|Wiedergabe läuft|In riproduzione|Reproduzindo|Воспроизведение|قيد التشغيل|चल रहा है|Memutar|กำลังเล่น|Đang phát
256|靜止|Still|静止画|정지|Estático|Image fixe|Standbild|Immagine fissa|Estático|Статично|ثابت|स्थिर|Diam|ภาพนิ่ง|Ảnh tĩnh
257|影片畫面|Video view|動画の映像|동영상 화면|Vista de vídeo|Vue vidéo|Videoansicht|Vista video|Visualização de vídeo|Видеокадр|عرض الفيديو|वीडियो दृश्य|Tampilan video|ภาพวิดีโอ|Khung hình video
258|畫面已就緒|Ready|準備完了|준비됨|Listo|Prêt|Bereit|Pronto|Pronto|Готово|جاهز|तैयार|Siap|พร้อม|Sẵn sàng
259|正在準備畫面|Preparing video|映像を準備中|화면 준비 중|Preparando vídeo|Préparation de la vidéo|Video wird vorbereitet|Preparazione video|Preparando vídeo|Подготовка видео|جارٍ تجهيز الفيديو|वीडियो तैयार हो रहा है|Menyiapkan video|กำลังเตรียมวิดีโอ|Đang chuẩn bị video
262|暫停|Pause|一時停止|일시 정지|Pausar|Pause|Pause|Pausa|Pausar|Пауза|إيقاف مؤقت|रोकें|Jeda|หยุดชั่วคราว|Tạm dừng
263|播放|Play|再生|재생|Reproducir|Lire|Abspielen|Riproduci|Reproduzir|Воспроизвести|تشغيل|चलाएँ|Putar|เล่น|Phát
264|播放進度|Playback position|再生位置|재생 위치|Posición de reproducción|Position de lecture|Wiedergabeposition|Posizione di riproduzione|Posição de reprodução|Позиция воспроизведения|موضع التشغيل|प्लेबैक स्थिति|Posisi pemutaran|ตำแหน่งการเล่น|Vị trí phát
265|交換主次畫面|Swap views|メインと小窓を入れ替え|주 화면과 작은 창 바꾸기|Intercambiar vistas|Permuter les vues|Ansichten tauschen|Scambia viste|Trocar visualizações|Поменять виды|تبديل العرضين|दृश्य बदलें|Tukar tampilan|สลับภาพ|Đổi khung hình
266|恢復拍攝版面|Restore captured layout|撮影時の配置に戻す|촬영 당시 배치 복원|Restaurar composición original|Restaurer la disposition de capture|Aufnahmelayout wiederherstellen|Ripristina disposizione di ripresa|Restaurar layout da captura|Восстановить расположение съёмки|استعادة تخطيط التصوير|कैप्चर का लेआउट बहाल करें|Pulihkan tata letak pengambilan|คืนค่าเค้าโครงตอนถ่าย|Khôi phục bố cục khi chụp
267|恢復版面|Reset layout|配置をリセット|배치 초기화|Restablecer diseño|Réinitialiser la disposition|Layout zurücksetzen|Ripristina disposizione|Redefinir layout|Сбросить расположение|إعادة ضبط التخطيط|लेआउट रीसेट करें|Atur ulang tata letak|รีเซ็ตเค้าโครง|Đặt lại bố cục
268|輕點小視窗交換 · 拖曳調整位置|Tap inset to swap · Drag to move|小窓をタップで交換・ドラッグで移動|작은 창을 탭하여 전환 · 끌어서 이동|Toca la ventana para intercambiar · Arrastra para mover|Touchez pour permuter · Glissez pour déplacer|Kleines Bild antippen zum Tauschen · Ziehen zum Verschieben|Tocca per scambiare · Trascina per spostare|Toque para trocar · Arraste para mover|Нажмите малое окно для смены · Перетащите для перемещения|اضغط النافذة للتبديل · اسحب لتحريكها|बदलने के लिए छोटी विंडो टैप करें · खींचकर हिलाएँ|Ketuk jendela untuk menukar · Seret untuk memindahkan|แตะหน้าต่างเพื่อสลับ · ลากเพื่อย้าย|Chạm khung nhỏ để đổi · Kéo để di chuyển
269|解鎖後儲存至相簿|Unlock to save to Photos|ロックを解除して写真に保存|잠금 해제 후 사진 앱에 저장|Desbloquear para guardar en Fotos|Déverrouiller pour enregistrer dans Photos|Zum Speichern in Fotos entsperren|Sblocca per salvare in Foto|Desbloquear para salvar no Fotos|Разблокировать для сохранения в Фото|افتح القفل للحفظ في الصور|फ़ोटो में सहेजने के लिए अनलॉक करें|Buka kunci untuk menyimpan ke Foto|ปลดล็อกเพื่อบันทึกในแอปรูปภาพ|Mở khóa để lưu vào Ảnh
270|完成調整|Done editing|調整を完了|편집 완료|Terminar edición|Terminer les modifications|Bearbeitung fertig|Modifiche completate|Concluir edição|Завершить правку|إنهاء التعديل|संपादन पूरा|Selesai mengedit|แก้ไขเสร็จแล้ว|Sửa xong
271|調整版面|Edit layout|配置を調整|배치 조정|Editar diseño|Modifier la disposition|Layout bearbeiten|Modifica disposizione|Editar layout|Изменить расположение|تعديل التخطيط|लेआउट बदलें|Edit tata letak|แก้ไขเค้าโครง|Chỉnh bố cục
277|俯仰拍攝水平儀|Overhead level|俯瞰撮影の水平器|위아래 촬영 수평계|Nivel cenital|Niveau de prise de vue verticale|Waage für Aufsicht|Livella per riprese dall’alto|Nível para captura de cima|Уровень для съёмки сверху|ميزان التصوير العلوي|ऊपर से फ़ोटो का समतल संकेतक|Level pemotretan dari atas|ระดับน้ำสำหรับถ่ายจากด้านบน|Cân bằng khi chụp từ trên
278|水平儀|Level|水平器|수평계|Nivel|Niveau|Wasserwaage|Livella|Nível|Уровень|الميزان|समतल संकेतक|Level|ระดับน้ำ|Cân bằng
279|已對齊|Aligned|水平です|수평 맞음|Alineado|Aligné|Ausgerichtet|Allineato|Alinhado|Выровнено|محاذٍ|सीध में है|Sejajar|ตรงระดับ|Đã cân bằng
280|未對齊|Not aligned|傾いています|수평 안 맞음|No alineado|Non aligné|Nicht ausgerichtet|Non allineato|Desalinhado|Не выровнено|غير محاذٍ|सीध में नहीं है|Belum sejajar|ยังไม่ตรงระดับ|Chưa cân bằng
306|準備儲存…|Preparing to save…|保存を準備中…|저장 준비 중…|Preparando guardado…|Préparation de l’enregistrement…|Speichern wird vorbereitet…|Preparazione salvataggio…|Preparando para salvar…|Подготовка сохранения…|جارٍ التحضير للحفظ…|सहेजने की तैयारी…|Menyiapkan penyimpanan…|กำลังเตรียมบันทึก…|Đang chuẩn bị lưu…
311|正在合成 Live Photo，請保持 App 在前景…|Creating Live Photo. Keep the app open…|Live Photoを作成中。アプリを開いたままお待ちください…|Live Photo 생성 중. 앱을 열어 두세요…|Creando Live Photo. Mantén la app abierta…|Création de Live Photo. Gardez l’app ouverte…|Live Photo wird erstellt. App geöffnet lassen…|Creazione Live Photo. Tieni aperta l’app…|Criando Live Photo. Mantenha o app aberto…|Создание Live Photo. Не закрывайте приложение…|جارٍ إنشاء Live Photo. أبقِ التطبيق مفتوحًا…|Live Photo बन रहा है। ऐप खुला रखें…|Membuat Live Photo. Biarkan aplikasi terbuka…|กำลังสร้าง Live Photo โปรดเปิดแอปไว้…|Đang tạo Live Photo. Giữ ứng dụng mở…
312|正在合成照片…|Creating photo…|写真を合成中…|사진 합성 중…|Creando foto…|Création de la photo…|Foto wird erstellt…|Creazione foto…|Criando foto…|Создание фото…|جارٍ إنشاء الصورة…|फ़ोटो बन रही है…|Membuat foto…|กำลังสร้างภาพ…|Đang ghép ảnh…
313|正在合成影片，請保持 App 在前景…|Creating video. Keep the app open…|動画を合成中。アプリを開いたままお待ちください…|동영상 합성 중. 앱을 열어 두세요…|Creando vídeo. Mantén la app abierta…|Création de la vidéo. Gardez l’app ouverte…|Video wird erstellt. App geöffnet lassen…|Creazione video. Tieni aperta l’app…|Criando vídeo. Mantenha o app aberto…|Создание видео. Не закрывайте приложение…|جارٍ إنشاء الفيديو. أبقِ التطبيق مفتوحًا…|वीडियो बन रहा है। ऐप खुला रखें…|Membuat video. Biarkan aplikasi terbuka…|กำลังสร้างวิดีโอ โปรดเปิดแอปไว้…|Đang ghép video. Giữ ứng dụng mở…
314|正在儲存至相簿…|Saving to Photos…|写真に保存中…|사진 앱에 저장 중…|Guardando en Fotos…|Enregistrement dans Photos…|In Fotos speichern…|Salvataggio in Foto…|Salvando no Fotos…|Сохранение в Фото…|جارٍ الحفظ في الصور…|फ़ोटो में सहेज रहे हैं…|Menyimpan ke Foto…|กำลังบันทึกในแอปรูปภาพ…|Đang lưu vào Ảnh…
319|雙鏡頭合成|Combined views|2つの映像を合成|듀얼 화면 합성|Vistas combinadas|Vues combinées|Kombinierte Ansichten|Viste combinate|Visualizações combinadas|Совмещённые виды|العرضان معًا|दोनों दृश्य साथ|Tampilan gabungan|รวมสองมุมมอง|Ghép hai khung hình
320|僅主畫面|Main view only|メイン画面のみ|주 화면만|Solo vista principal|Vue principale uniquement|Nur Hauptansicht|Solo vista principale|Só a visualização principal|Только основной вид|العرض الرئيسي فقط|केवल मुख्य दृश्य|Hanya tampilan utama|เฉพาะภาพหลัก|Chỉ khung chính
323|自動|Auto|自動|자동|Auto|Auto|Auto|Auto|Automático|Авто|تلقائي|अपने आप|Otomatis|อัตโนมัติ|Tự động
346|回憶縮圖|Memory thumbnails|思い出のサムネイル|추억 썸네일|Miniaturas de recuerdos|Miniatures des souvenirs|Erinnerungsvorschauen|Miniature dei ricordi|Miniaturas das memórias|Миниатюры воспоминаний|صور الذكريات المصغرة|यादों के थंबनेल|Thumbnail kenangan|ภาพย่อความทรงจำ|Ảnh thu nhỏ kỷ niệm
347|實況照片|Live Photo|Live Photo|Live Photo|Live Photo|Live Photo|Live Photo|Live Photo|Live Photo|Live Photo|Live Photo|Live Photo|Live Photo|Live Photo|Live Photo
348|目前|Current|現在|현재|Actual|Actuel|Aktuell|Attuale|Atual|Текущее|الحالي|वर्तमान|Saat ini|ปัจจุบัน|Hiện tại
350|雙面拍攝|Dual capture|デュアル撮影|듀얼 촬영|Captura dual|Capture duo|Doppelaufnahme|Ripresa doppia|Captura dupla|Съёмка с двух камер|تصوير مزدوج|दोहरा कैप्चर|Pengambilan ganda|ถ่ายสองมุมมอง|Chụp hai camera
语言|語言|Language|言語|언어|Idioma|Langue|Sprache|Lingua|Idioma|Язык|اللغة|भाषा|Bahasa|ภาษา|Ngôn ngữ
跟随系统|跟隨系統|Follow system|システムに合わせる|시스템 설정 따르기|Seguir al sistema|Suivre le système|Systemeinstellung|Segui il sistema|Seguir o sistema|Как в системе|اتباع النظام|सिस्टम के अनुसार|Ikuti sistem|ตามระบบ|Theo hệ thống
通用|一般|General|一般|일반|General|Général|Allgemein|Generali|Geral|Основные|عام|सामान्य|Umum|ทั่วไป|Cài đặt chung
关于 ArkCam|關於 ArkCam|About ArkCam|ArkCamについて|ArkCam 정보|Acerca de ArkCam|À propos d’ArkCam|Über ArkCam|Informazioni su ArkCam|Sobre o ArkCam|Об ArkCam|حول ArkCam|ArkCam के बारे में|Tentang ArkCam|เกี่ยวกับ ArkCam|Giới thiệu ArkCam
21|較高解析度保留更多細節；較高影格率讓動作更流暢，也會增加檔案大小及拍攝負載。|Higher resolution adds detail; higher frame rates smooth motion. Both increase file size and camera load.|高解像度は細部を、高フレームレートは動きの滑らかさを向上させます。ファイル容量と撮影負荷も増加します。|해상도가 높으면 세부 표현이, 프레임률이 높으면 움직임이 좋아집니다. 파일 크기와 촬영 부하도 증가합니다.|Más resolución aporta detalle y más fotogramas suavizan el movimiento. Ambos aumentan el tamaño y la carga.|Une résolution élevée améliore les détails, une fréquence élevée la fluidité. La taille des fichiers et la charge augmentent.|Höhere Auflösung zeigt mehr Details, höhere Bildraten machen Bewegungen flüssiger. Beides erhöht Dateigröße und Kameralast.|Una risoluzione maggiore offre dettagli, più fotogrammi rendono fluido il movimento. Aumentano dimensioni e carico.|Maior resolução traz detalhes; mais quadros dão fluidez. Ambos aumentam o tamanho dos arquivos e a carga.|Высокое разрешение даёт детали, высокая частота — плавность. Растут размер файлов и нагрузка.|الدقة الأعلى تزيد التفاصيل ومعدل الإطارات الأعلى يحسن سلاسة الحركة. كلاهما يزيد حجم الملفات وحمل الكاميرا.|अधिक रिज़ॉल्यूशन से बारीकियाँ और अधिक फ़्रेम दर से गति बेहतर होती है। फ़ाइल का आकार और कैमरे का लोड भी बढ़ता है।|Resolusi tinggi menambah detail; laju bingkai tinggi memperhalus gerakan. Ukuran file dan beban kamera ikut bertambah.|ความละเอียดสูงเพิ่มรายละเอียด อัตราเฟรมสูงทำให้เคลื่อนไหวลื่นขึ้น แต่เพิ่มขนาดไฟล์และภาระกล้อง|Độ phân giải cao tăng chi tiết; tốc độ khung hình cao làm chuyển động mượt hơn. Cả hai tăng dung lượng và tải camera.
22|僅提供此裝置在目前拍攝模式支援的規格。成品依取景比例裁切，原片保留完整畫面。|Only formats supported in this capture mode are available. Exports use the chosen aspect ratio; originals keep the full frame.|この撮影モードで対応する形式のみ選択できます。書き出しには選択した比率を使い、オリジナルは全画面を保持します。|현재 촬영 모드에서 지원하는 규격만 선택할 수 있습니다. 내보내기는 선택한 비율로, 원본은 전체 화면으로 보관됩니다.|Solo se ofrecen formatos compatibles con este modo. La exportación usa la proporción elegida; los originales conservan todo el encuadre.|Seuls les formats compatibles sont proposés. L’export utilise le format choisi ; les originaux gardent le cadre complet.|Nur unterstützte Formate sind verfügbar. Der Export nutzt das gewählte Seitenverhältnis; Originale behalten das gesamte Bild.|Sono disponibili solo i formati supportati. L’esportazione usa le proporzioni scelte; gli originali mantengono il quadro intero.|Só os formatos compatíveis estão disponíveis. A exportação usa a proporção escolhida; os originais mantêm o quadro inteiro.|Доступны только поддерживаемые форматы. Экспорт использует выбранные пропорции, оригиналы сохраняют весь кадр.|تتوفر الصيغ المدعومة في وضع التصوير الحالي فقط. يستخدم التصدير النسبة المحددة وتحتفظ الأصول بالإطار الكامل.|केवल इस मोड में समर्थित प्रारूप उपलब्ध हैं। निर्यात चुने अनुपात में होता है; मूल फ़ाइल पूरा फ़्रेम रखती है।|Hanya format yang didukung tersedia. Ekspor memakai rasio pilihan; file asli menyimpan bingkai penuh.|มีเฉพาะรูปแบบที่รองรับในโหมดนี้ ไฟล์ส่งออกใช้สัดส่วนที่เลือก ส่วนต้นฉบับเก็บภาพเต็ม|Chỉ có định dạng được hỗ trợ trong chế độ này. Bản xuất dùng tỷ lệ đã chọn; bản gốc giữ toàn khung.
23|目前不支援所選規格，請選擇其他選項。|This format is unavailable. Choose a supported option.|この形式は現在利用できません。対応する形式を選択してください。|이 규격은 현재 사용할 수 없습니다. 지원하는 옵션을 선택하세요.|Este formato no está disponible. Elige otro compatible.|Ce format est indisponible. Choisissez une option compatible.|Dieses Format ist nicht verfügbar. Bitte eine unterstützte Option wählen.|Formato non disponibile. Scegli un’opzione supportata.|Este formato não está disponível. Escolha uma opção compatível.|Формат недоступен. Выберите поддерживаемый вариант.|هذه الصيغة غير متاحة. اختر صيغة مدعومة.|यह प्रारूप उपलब्ध नहीं है। समर्थित विकल्प चुनें।|Format ini tidak tersedia. Pilih opsi yang didukung.|รูปแบบนี้ไม่พร้อมใช้งาน โปรดเลือกตัวเลือกที่รองรับ|Định dạng này không khả dụng. Hãy chọn tùy chọn được hỗ trợ.
37|每次拍攝自動儲存一份成品至系統相簿。設定適用於之後的拍攝，所用鏡頭的原片仍保留在 App 中。|Each capture saves one finished photo, Live Photo or video to Photos. This applies to future captures; camera originals stay in the app.|撮影ごとに写真、Live Photo、動画を1つ写真に保存します。以後の撮影に適用され、各カメラのオリジナルはアプリに残ります。|촬영마다 사진, Live Photo 또는 동영상 한 개를 사진 앱에 저장합니다. 이후 촬영에 적용되며 카메라 원본은 앱에 보관됩니다.|Cada captura guarda una foto, Live Photo o vídeo final en Fotos. Se aplica a futuras capturas; los originales quedan en la app.|Chaque capture ajoute une photo, Live Photo ou vidéo finale dans Photos. Ce réglage concerne les prochaines captures ; les originaux restent dans l’app.|Jede Aufnahme speichert ein fertiges Foto, Live Photo oder Video in Fotos. Gilt für künftige Aufnahmen; Kameraoriginale bleiben in der App.|Ogni ripresa salva una foto, Live Photo o video finale in Foto. Vale per le prossime riprese; gli originali restano nell’app.|Cada captura salva uma foto, Live Photo ou vídeo final no Fotos. Vale para novas capturas; os originais ficam no app.|Каждая съёмка сохраняет одно готовое фото, Live Photo или видео в Фото. Настройка действует на будущие снимки; оригиналы остаются в приложении.|تُحفظ صورة أو Live Photo أو مقطع نهائي لكل لقطة في الصور. يسري هذا على اللقطات القادمة، وتبقى الأصول في التطبيق.|हर कैप्चर की एक तैयार फ़ोटो, Live Photo या वीडियो फ़ोटो ऐप में सहेजी जाती है। यह आगे की कैप्चर पर लागू है; मूल फ़ाइलें ऐप में रहती हैं।|Setiap pengambilan menyimpan satu foto, Live Photo, atau video jadi ke Foto. Berlaku untuk pengambilan berikutnya; file asli tetap di aplikasi.|แต่ละครั้งจะบันทึกภาพ Live Photo หรือวิดีโอสำเร็จหนึ่งรายการในแอปรูปภาพ ใช้กับการถ่ายครั้งถัดไป และเก็บต้นฉบับในแอป|Mỗi lần chụp lưu một ảnh, Live Photo hoặc video hoàn chỉnh vào Ảnh. Áp dụng cho lần chụp sau; bản gốc vẫn ở trong ứng dụng.
44|前鏡頭預覽保持鏡像。開啟時前鏡頭成品與預覽一致，關閉時按真實左右方向儲存。格線與水平僅輔助取景。|The front preview stays mirrored. Enable to save it as previewed; disable to save its real left-right orientation. Grid and level are framing aids only.|フロントプレビューは鏡像です。オンでは見たまま、オフでは実際の左右で保存します。グリッドと水平器は撮影補助のみです。|전면 미리보기는 항상 거울 방향입니다. 켜면 미리보기대로, 끄면 실제 좌우로 저장합니다. 격자와 수평계는 구도 보조용입니다.|La vista frontal permanece reflejada. Activa para guardarla como se ve; desactiva para guardar la orientación real. Cuadrícula y nivel solo ayudan a encuadrar.|L’aperçu avant reste en miroir. Activez pour l’enregistrer tel quel, désactivez pour l’orientation réelle. Grille et niveau servent uniquement au cadrage.|Die Frontvorschau bleibt gespiegelt. Aktiviert wird sie wie angezeigt gespeichert, sonst seitenrichtig. Raster und Waage dienen nur als Aufnahmehilfen.|L’anteprima frontale resta a specchio. Attiva per salvare come mostrato, disattiva per l’orientamento reale. Griglia e livella aiutano solo l’inquadratura.|A prévia frontal permanece espelhada. Ative para salvar como na prévia; desative para a orientação real. Grade e nível só auxiliam no enquadramento.|Фронтальное превью зеркальное. Включите, чтобы сохранять как на экране, выключите для реального направления. Сетка и уровень служат только для кадрирования.|تبقى المعاينة الأمامية معكوسة. فعّل لحفظها كما تظهر، أو عطّل لحفظ الاتجاه الحقيقي. الشبكة والميزان للمساعدة في التأطير فقط.|फ़्रंट प्रीव्यू मिरर रहता है। चालू करने पर वैसा ही, बंद करने पर असली बाएँ-दाएँ दिशा में सहेजा जाता है। ग्रिड और समतल संकेतक केवल फ़्रेमिंग के लिए हैं।|Pratinjau depan tetap bercermin. Aktifkan untuk menyimpan sesuai pratinjau, nonaktifkan untuk arah sebenarnya. Kisi dan level hanya membantu pembingkaian.|ภาพตัวอย่างกล้องหน้าเป็นกระจกเสมอ เปิดเพื่อบันทึกตามตัวอย่าง ปิดเพื่อบันทึกทิศทางจริง เส้นตารางและระดับน้ำใช้ช่วยจัดภาพเท่านั้น|Xem trước camera trước luôn là ảnh gương. Bật để lưu như xem trước, tắt để lưu đúng trái phải thực tế. Lưới và cân bằng chỉ giúp căn khung.
49|僅記錄拍攝當下的位置。關閉後新拍攝不記錄位置，既有回憶不受影響。|Only the location at capture is recorded. Turning this off affects new captures; existing memories stay unchanged.|撮影時の位置のみ記録します。オフにすると新しい撮影に位置を付けません。既存の思い出は変わりません。|촬영 순간의 위치만 기록합니다. 끄면 새 촬영에 위치를 기록하지 않으며 기존 추억은 그대로입니다.|Solo se registra la ubicación al capturar. Desactivarlo afecta a nuevas capturas, no a los recuerdos existentes.|Seul le lieu au moment de la capture est enregistré. Désactiver concerne les nouvelles captures, pas les souvenirs existants.|Nur der Aufnahmeort wird gespeichert. Ausschalten betrifft neue Aufnahmen; vorhandene Erinnerungen bleiben unverändert.|Si registra solo la posizione al momento dello scatto. Disattivare influisce sulle nuove riprese, non sui ricordi esistenti.|Só o local no momento da captura é registrado. Desativar afeta novas capturas; memórias existentes não mudam.|Записывается только место в момент съёмки. Отключение влияет на новые снимки; старые не меняются.|يُسجل الموقع لحظة التصوير فقط. يؤثر الإيقاف على اللقطات الجديدة وتبقى الذكريات السابقة دون تغيير.|केवल कैप्चर के समय का स्थान दर्ज होता है। बंद करने का असर नई कैप्चर पर होगा; पुरानी यादें नहीं बदलेंगी।|Hanya lokasi saat pengambilan yang direkam. Menonaktifkan hanya memengaruhi pengambilan baru; kenangan lama tetap.|บันทึกตำแหน่งเฉพาะตอนถ่าย การปิดจะมีผลต่อการถ่ายใหม่ ความทรงจำเดิมไม่เปลี่ยน|Chỉ ghi vị trí lúc chụp. Tắt sẽ áp dụng cho lần chụp mới; kỷ niệm cũ không thay đổi.
51|記住拍攝模式、寬高比和閃光燈。關閉時預設使用雙拍。每次開啟相機時補光燈均為關閉。|Remember camera mode, aspect ratio and flash. When off, start in Dual photo. The light always starts off.|撮影モード、縦横比、フラッシュを記憶します。オフではデュアル写真で開始します。ライトは起動時にオフです。|촬영 모드, 화면 비율, 플래시를 기억합니다. 끄면 듀얼 사진으로 시작하며 조명은 항상 꺼진 상태로 시작합니다.|Recuerda el modo, proporción y flash. Si se desactiva, inicia en Foto dual. La luz siempre empieza apagada.|Mémorise le mode, le format et le flash. Sinon, démarre en Photo duo. L’éclairage est toujours éteint au démarrage.|Merkt sich Modus, Seitenverhältnis und Blitz. Sonst Start im Doppelfoto-Modus. Das Licht ist beim Start immer aus.|Ricorda modalità, proporzioni e flash. Se disattivo, parte in Foto doppia. La luce all’avvio è sempre spenta.|Lembra modo, proporção e flash. Desativado, inicia em Foto dupla. A luz sempre começa desligada.|Запоминает режим, пропорции и вспышку. Если отключено, стартует режим двух фото. Подсветка при запуске выключена.|يحفظ الوضع ونسبة الأبعاد والفلاش. عند إيقافه يبدأ بوضع الصورة المزدوجة. تبدأ الإضاءة مغلقة دائمًا.|कैमरा मोड, अनुपात और फ़्लैश याद रखें। बंद होने पर दोहरा फ़ोटो मोड शुरू होगा। लाइट हमेशा बंद शुरू होती है।|Ingat mode, rasio, dan lampu kilat. Jika nonaktif, mulai di Foto ganda. Lampu selalu mati saat dibuka.|จดจำโหมด อัตราส่วน และแฟลช หากปิดจะเริ่มในโหมดภาพคู่ ไฟส่องสว่างจะปิดเสมอเมื่อเปิดกล้อง|Ghi nhớ chế độ, tỷ lệ và flash. Nếu tắt, bắt đầu bằng Ảnh đôi. Đèn chiếu sáng luôn tắt khi mở camera.
55|原片保存在本機，App 不會主動上傳影像。|Originals stay on this device. The app does not upload your photos or videos.|オリジナルはこのデバイスに保存されます。アプリが写真や動画をアップロードすることはありません。|원본은 이 기기에 저장됩니다. 앱은 사진이나 동영상을 업로드하지 않습니다.|Los originales quedan en este dispositivo. La app no sube tus fotos ni vídeos.|Les originaux restent sur cet appareil. L’app n’envoie pas vos photos ou vidéos.|Originale bleiben auf diesem Gerät. Die App lädt keine Fotos oder Videos hoch.|Gli originali restano sul dispositivo. L’app non carica foto o video online.|Os originais ficam neste dispositivo. O app não envia suas fotos ou vídeos.|Оригиналы остаются на устройстве. Приложение не загружает фото и видео в сеть.|تبقى الأصول على هذا الجهاز. لا يرفع التطبيق صورك أو فيديوهاتك.|मूल फ़ाइलें इसी डिवाइस पर रहती हैं। ऐप आपकी फ़ोटो या वीडियो अपलोड नहीं करता।|File asli tetap di perangkat ini. Aplikasi tidak mengunggah foto atau video Anda.|ต้นฉบับอยู่ในอุปกรณ์นี้ แอปไม่อัปโหลดภาพหรือวิดีโอของคุณ|Bản gốc ở trên thiết bị này. Ứng dụng không tải ảnh hay video của bạn lên mạng.
60|上次儲存中斷，無法確認相簿是否收到。請確認相簿沒有這些成品後才重試，避免重複儲存。|The last save was interrupted. Check that these captures are not already in Photos before retrying to avoid duplicates.|前回の保存が中断されました。重複を避けるため、写真に保存されていないことを確認してから再試行してください。|이전 저장이 중단되었습니다. 중복을 피하려면 사진 앱에 없는지 확인한 뒤 다시 시도하세요.|El último guardado se interrumpió. Comprueba que las capturas no estén ya en Fotos antes de reintentar para evitar duplicados.|Le dernier enregistrement a été interrompu. Vérifiez que ces captures ne sont pas déjà dans Photos avant de réessayer pour éviter les doublons.|Das letzte Speichern wurde unterbrochen. Prüfe vor einem neuen Versuch, ob die Aufnahmen bereits in Fotos sind, um Duplikate zu vermeiden.|L’ultimo salvataggio si è interrotto. Prima di riprovare, verifica che le riprese non siano già in Foto per evitare duplicati.|O último salvamento foi interrompido. Verifique se as capturas já estão no Fotos antes de tentar novamente, evitando duplicatas.|Сохранение было прервано. Перед повтором убедитесь, что снимков нет в Фото, чтобы избежать копий.|توقف الحفظ السابق. تحقق أن اللقطات ليست موجودة في الصور قبل إعادة المحاولة لتجنب التكرار.|पिछली बार सहेजना बाधित हुआ। डुप्लिकेट से बचने के लिए फिर कोशिश से पहले जाँचें कि कैप्चर फ़ोटो में पहले से नहीं हैं।|Penyimpanan terakhir terputus. Pastikan hasil belum ada di Foto sebelum mencoba lagi agar tidak duplikat.|การบันทึกก่อนหน้าถูกขัดจังหวะ ตรวจสอบว่ายังไม่มีไฟล์เหล่านี้ในแอปรูปภาพก่อนลองใหม่เพื่อไม่ให้ซ้ำ|Lần lưu trước bị gián đoạn. Kiểm tra các tệp chưa có trong Ảnh trước khi thử lại để tránh trùng lặp.
97|後鏡頭記錄眼前，前鏡頭留下你。輕點畫面對焦，輕點小視窗交換主次，拖曳調整位置。|The rear camera captures the scene; the front includes you. Tap to focus, tap the inset to swap, and drag it to move.|背面で目の前の景色を、前面であなたを撮影します。タップでピントを合わせ、小窓をタップで交換、ドラッグで移動します。|후면은 눈앞의 장면을, 전면은 나를 담습니다. 탭하여 초점을 맞추고 작은 창을 탭하여 전환하거나 끌어 이동하세요.|La cámara trasera capta la escena y la frontal te incluye. Toca para enfocar, toca la ventana para intercambiar y arrástrala para moverla.|La caméra arrière filme la scène, l’avant vous inclut. Touchez pour faire le point, touchez la petite fenêtre pour permuter et glissez pour la déplacer.|Die Rückkamera erfasst die Szene, die Frontkamera dich. Tippen fokussiert, Tippen auf das kleine Bild tauscht die Ansichten, Ziehen verschiebt es.|La fotocamera posteriore riprende la scena, quella anteriore include te. Tocca per mettere a fuoco, tocca il riquadro per scambiare e trascinalo per spostarlo.|A câmera traseira capta a cena e a frontal inclui você. Toque para focar, toque na janela para trocar e arraste para mover.|Задняя камера снимает сцену, передняя — вас. Касание фокусирует, касание малого окна меняет виды, перетаскивание двигает его.|تصور الخلفية المشهد وتضمك الأمامية. اضغط للتركيز، واضغط النافذة الصغيرة للتبديل واسحبها للتحريك.|पीछे का कैमरा सामने का दृश्य और आगे का कैमरा आपको कैप्चर करता है। फ़ोकस के लिए टैप करें, छोटी विंडो पर टैप से बदलें और खींचकर हिलाएँ।|Kamera belakang merekam pemandangan, kamera depan menyertakan Anda. Ketuk untuk fokus, ketuk jendela kecil untuk menukar, seret untuk memindahkan.|กล้องหลังถ่ายสิ่งที่เห็น กล้องหน้าเก็บคุณไว้ แตะเพื่อโฟกัส แตะหน้าต่างเล็กเพื่อสลับ แล้วลากเพื่อย้าย|Camera sau chụp cảnh, camera trước ghi lại bạn. Chạm để lấy nét, chạm khung nhỏ để đổi và kéo để di chuyển.
99|前後鏡頭原片保存在這台 iPhone 的 App 空間，以一段回憶呈現。請保留 App 並備份裝置。|Camera originals are stored inside this app on your iPhone as one memory. Keep the app installed and back up your device.|前後カメラのオリジナルは、このiPhoneのアプリ内に1つの思い出として保存されます。アプリを削除せず、デバイスをバックアップしてください。|앞뒤 카메라 원본은 이 iPhone의 앱 안에 하나의 추억으로 저장됩니다. 앱을 유지하고 기기를 백업하세요.|Los originales se guardan dentro de esta app en tu iPhone como un recuerdo. Mantén la app instalada y haz copias de seguridad.|Les originaux sont conservés dans l’app sur cet iPhone comme un souvenir. Gardez l’app installée et sauvegardez votre appareil.|Kameraoriginale werden in dieser App auf deinem iPhone als eine Erinnerung gespeichert. App installiert lassen und Gerät sichern.|Gli originali sono salvati in questa app sull’iPhone come un ricordo. Mantieni l’app installata ed esegui il backup del dispositivo.|Os originais ficam neste app no iPhone como uma memória. Mantenha o app instalado e faça backup do dispositivo.|Оригиналы камер хранятся в приложении на iPhone как одно воспоминание. Не удаляйте приложение и делайте резервные копии устройства.|تُحفظ أصول الكاميرات داخل هذا التطبيق على iPhone كذكرى واحدة. احتفظ بالتطبيق وثبّت نسخًا احتياطية لجهازك.|कैमरे की मूल फ़ाइलें आपके iPhone के इस ऐप में एक याद के रूप में रहती हैं। ऐप इंस्टॉल रखें और डिवाइस का बैकअप लें।|File asli kamera disimpan di aplikasi pada iPhone ini sebagai satu kenangan. Jangan hapus aplikasi dan cadangkan perangkat.|ต้นฉบับกล้องเก็บในแอปบน iPhone นี้เป็นหนึ่งความทรงจำ โปรดเก็บแอปไว้และสำรองข้อมูลอุปกรณ์|Bản gốc camera được lưu trong ứng dụng trên iPhone thành một kỷ niệm. Hãy giữ ứng dụng và sao lưu thiết bị.
101|拍攝後按設定自動儲存一份成品。回看時可調整版面，再手動儲存新成品；原片繼續保留。|Each capture is saved using your settings. You can edit its layout later and save another version while keeping the originals.|設定に従って撮影結果を自動保存します。後から配置を調整して別の版を保存でき、オリジナルは保持されます。|설정에 따라 촬영 결과를 자동 저장합니다. 나중에 배치를 바꿔 다른 버전을 저장해도 원본은 유지됩니다.|Cada captura se guarda según tus ajustes. Puedes editar la composición después y guardar otra versión conservando los originales.|Chaque capture est enregistrée selon vos réglages. Modifiez sa disposition plus tard et enregistrez une autre version en gardant les originaux.|Aufnahmen werden nach deinen Einstellungen gespeichert. Später lässt sich das Layout ändern und eine weitere Version speichern; Originale bleiben erhalten.|Ogni ripresa è salvata secondo le impostazioni. Puoi modificare la disposizione e salvare un’altra versione mantenendo gli originali.|Cada captura é salva conforme seus ajustes. Depois, você pode editar o layout e salvar outra versão, mantendo os originais.|Снимки сохраняются по вашим настройкам. Позже можно изменить расположение и сохранить новую версию, сохранив оригиналы.|تُحفظ كل لقطة وفق إعداداتك. يمكنك تعديل التخطيط لاحقًا وحفظ نسخة أخرى مع الاحتفاظ بالأصول.|हर कैप्चर आपकी सेटिंग के अनुसार सहेजी जाती है। बाद में लेआउट बदलकर नया संस्करण सहेज सकते हैं; मूल फ़ाइलें बनी रहेंगी।|Setiap pengambilan disimpan sesuai pengaturan. Anda dapat mengubah tata letak lalu menyimpan versi lain tanpa mengubah file asli.|บันทึกตามการตั้งค่าหลังถ่าย คุณแก้เค้าโครงภายหลังและบันทึกเวอร์ชันใหม่ได้ โดยยังเก็บต้นฉบับ|Mỗi lần chụp được lưu theo cài đặt. Bạn có thể sửa bố cục rồi lưu phiên bản khác, vẫn giữ bản gốc.
104|拍照或開始錄影時記錄位置。目前定位精度約 ±%@ 公尺。|Location is recorded when taking a photo or starting video. Current accuracy: about ±%@ m.|写真撮影時または録画開始時に位置を記録します。現在の精度：約±%@ m。|사진 촬영 또는 녹화 시작 시 위치를 기록합니다. 현재 정확도: 약 ±%@ m.|La ubicación se registra al fotografiar o iniciar vídeo. Precisión actual: unos ±%@ m.|Le lieu est enregistré à la photo ou au début de la vidéo. Précision actuelle : environ ±%@ m.|Der Standort wird beim Foto oder Videostart gespeichert. Aktuelle Genauigkeit: etwa ±%@ m.|La posizione viene registrata allo scatto o all’avvio del video. Precisione attuale: circa ±%@ m.|O local é registrado ao fotografar ou iniciar vídeo. Precisão atual: cerca de ±%@ m.|Место записывается при фото или начале видео. Точность сейчас: около ±%@ м.|يُسجل الموقع عند التصوير أو بدء الفيديو. الدقة الحالية نحو ±%@ م.|फ़ोटो लेते या वीडियो शुरू करते समय स्थान दर्ज होता है। अभी सटीकता: लगभग ±%@ मीटर।|Lokasi dicatat saat memotret atau mulai video. Akurasi saat ini: sekitar ±%@ m.|บันทึกตำแหน่งเมื่อถ่ายภาพหรือเริ่มวิดีโอ ความแม่นยำขณะนี้ประมาณ ±%@ ม.|Ghi vị trí khi chụp ảnh hoặc bắt đầu quay. Độ chính xác hiện tại khoảng ±%@ m.
105|正在取得目前位置。你仍可拍攝，但定位完成前的回憶可能不含位置。|Finding your location. You can still capture, but location may be missing until a fix is available.|位置情報を取得中です。撮影はできますが、取得前の思い出には位置が付かない場合があります。|현재 위치를 확인 중입니다. 촬영은 가능하지만 위치 확인 전에는 위치가 누락될 수 있습니다.|Buscando ubicación. Puedes capturar, pero podría faltar el lugar hasta que esté disponible.|Recherche de votre position. Vous pouvez capturer, mais le lieu peut manquer avant la localisation.|Standort wird ermittelt. Aufnahmen sind möglich, aber der Ort fehlt eventuell bis zur Bestimmung.|Ricerca della posizione. Puoi riprendere, ma il luogo potrebbe mancare finché non viene trovato.|Buscando sua localização. Você pode capturar, mas o local pode não estar disponível ainda.|Поиск местоположения. Снимать можно, но до его определения место может отсутствовать.|جارٍ تحديد موقعك. يمكنك التصوير، لكن قد لا يُسجل الموقع حتى يتم تحديده.|स्थान खोजा जा रहा है। आप कैप्चर कर सकते हैं, लेकिन स्थान मिलने तक उसकी जानकारी नहीं जुड़ सकती।|Mencari lokasi Anda. Anda tetap bisa memotret, tetapi lokasi mungkin belum tercatat.|กำลังค้นหาตำแหน่ง คุณยังถ่ายได้ แต่อาจไม่มีตำแหน่งจนกว่าจะค้นพบ|Đang tìm vị trí. Bạn vẫn có thể chụp nhưng có thể thiếu vị trí cho đến khi xác định được.
106|允許定位後，App 只在拍攝時儲存目前位置，不會持續記錄移動軌跡。|Allow location to tag captures with the current place. The app does not continuously track your movements.|位置情報を許可すると撮影場所を記録します。移動経路を継続的に追跡することはありません。|위치를 허용하면 촬영 당시 장소를 기록합니다. 이동 경로를 지속적으로 추적하지 않습니다.|Permite la ubicación para etiquetar capturas con el lugar. La app no sigue continuamente tus movimientos.|Autorisez la localisation pour ajouter le lieu aux captures. L’app ne suit pas continuellement vos déplacements.|Standort erlauben, um den Aufnahmeort zu speichern. Die App verfolgt deine Bewegungen nicht dauerhaft.|Consenti la posizione per aggiungere il luogo alle riprese. L’app non traccia continuamente i tuoi spostamenti.|Permita localização para marcar o local das capturas. O app não acompanha seus movimentos continuamente.|Разрешите геолокацию для отметки места съёмки. Приложение не отслеживает перемещения постоянно.|اسمح بالموقع لإضافته إلى اللقطات. لا يتتبع التطبيق تحركاتك باستمرار.|कैप्चर में स्थान जोड़ने के लिए अनुमति दें। ऐप आपकी आवाजाही को लगातार ट्रैक नहीं करता।|Izinkan lokasi untuk menandai tempat pengambilan. Aplikasi tidak terus-menerus melacak pergerakan Anda.|อนุญาตตำแหน่งเพื่อใส่สถานที่ในภาพ แอปไม่ติดตามการเคลื่อนที่ของคุณอย่างต่อเนื่อง|Cho phép vị trí để gắn nơi chụp. Ứng dụng không liên tục theo dõi di chuyển của bạn.
109|未開啟定位權限。仍可正常拍攝照片與影片，但不記錄位置。|Location permission is off. Photos and videos still work, but their location will not be recorded.|位置情報の許可がオフです。写真や動画は撮影できますが、位置は記録されません。|위치 권한이 꺼져 있습니다. 사진과 동영상은 촬영할 수 있지만 위치는 기록하지 않습니다.|El permiso de ubicación está desactivado. Puedes hacer fotos y vídeos, pero no se registrará el lugar.|La localisation est désactivée. Photos et vidéos restent possibles, sans lieu enregistré.|Standortberechtigung ist aus. Fotos und Videos funktionieren weiter, ohne Ortsangabe.|Il permesso di posizione è disattivato. Foto e video funzionano, ma senza registrare il luogo.|A permissão de localização está desativada. Fotos e vídeos funcionam, mas sem registrar o local.|Геолокация отключена. Фото и видео работают, но место не записывается.|إذن الموقع مغلق. يمكنك التقاط الصور والفيديو دون تسجيل الموقع.|स्थान की अनुमति बंद है। फ़ोटो और वीडियो बनते रहेंगे, लेकिन स्थान दर्ज नहीं होगा।|Izin lokasi nonaktif. Foto dan video tetap berfungsi, tetapi lokasinya tidak direkam.|สิทธิ์ตำแหน่งปิดอยู่ ยังถ่ายภาพและวิดีโอได้ตามปกติ แต่จะไม่บันทึกตำแหน่ง|Quyền vị trí đang tắt. Vẫn chụp ảnh và quay video bình thường nhưng không ghi vị trí.
110|位置與裝置資訊保存在回憶中，儲存至系統相簿時也會寫入成品。|Location and device details stay with the memory and are included when saving to Photos.|位置とデバイス情報は思い出に保存され、写真への保存時にも含まれます。|위치와 기기 정보는 추억에 보관되며 사진 앱에 저장할 때도 포함됩니다.|El lugar y los datos del dispositivo se conservan con el recuerdo y al guardar en Fotos.|Le lieu et les détails de l’appareil sont conservés avec le souvenir et inclus dans Photos.|Standort und Gerätedaten bleiben bei der Erinnerung und werden beim Speichern in Fotos übernommen.|Posizione e dati del dispositivo restano nel ricordo e vengono inclusi nel salvataggio in Foto.|Local e dados do dispositivo ficam na memória e são incluídos ao salvar no Fotos.|Место и данные устройства хранятся с воспоминанием и включаются при сохранении в Фото.|تبقى بيانات الموقع والجهاز مع الذكرى وتُضمّن عند الحفظ في الصور.|स्थान और डिवाइस का विवरण याद के साथ रहता है और फ़ोटो में सहेजते समय भी जुड़ता है।|Lokasi dan detail perangkat disimpan bersama kenangan dan disertakan saat menyimpan ke Foto.|ข้อมูลตำแหน่งและอุปกรณ์อยู่ในความทรงจำ และแนบไปด้วยเมื่อบันทึกในแอปรูปภาพ|Vị trí và thông tin thiết bị được giữ trong kỷ niệm và đính kèm khi lưu vào Ảnh.
202|拍下眼前的美好，也留下鏡頭後的你。兩路原片會一起保存在這裡。|Capture the scene and yourself behind the camera. Both originals stay together here.|目の前の美しさと、カメラの向こうのあなたを残しましょう。2つのオリジナルをここに一緒に保存します。|눈앞의 아름다움과 카메라 뒤의 나를 함께 담으세요. 두 원본이 여기에 함께 보관됩니다.|Captura la escena y a ti detrás de la cámara. Ambos originales se guardan juntos aquí.|Capturez la scène et vous derrière la caméra. Les deux originaux restent ensemble ici.|Halte die Szene und dich hinter der Kamera fest. Beide Originale bleiben hier zusammen.|Cattura la scena e te dietro la fotocamera. Entrambi gli originali restano insieme qui.|Capture a cena e você atrás da câmera. Os dois originais ficam juntos aqui.|Сохраните сцену и себя за камерой. Оба оригинала будут вместе здесь.|التقط المشهد ونفسك خلف الكاميرا. يبقى الأصلان معًا هنا.|दृश्य के साथ कैमरे के पीछे खुद को भी कैप्चर करें। दोनों मूल फ़ाइलें यहाँ साथ रहेंगी।|Abadikan pemandangan dan diri Anda di balik kamera. Kedua file asli tersimpan bersama di sini.|เก็บภาพตรงหน้าและตัวคุณหลังกล้อง ต้นฉบับทั้งสองจะอยู่ด้วยกันที่นี่|Ghi lại cảnh trước mắt và cả bạn sau camera. Hai bản gốc được giữ cùng nhau ở đây.
321|儲存主畫面與小視窗，與拍攝時的版面一致。|Save the main view and inset together, matching the captured layout.|撮影時の配置に合わせてメイン画面と小窓を一緒に保存します。|촬영 당시 배치대로 주 화면과 작은 창을 함께 저장합니다.|Guarda la vista principal y la ventana juntas, con la composición de captura.|Enregistre la vue principale et la petite fenêtre selon la disposition de capture.|Hauptbild und kleines Bild werden gemeinsam im Aufnahmelayout gespeichert.|Salva insieme vista principale e riquadro, con la disposizione di ripresa.|Salva a vista principal e a janela juntas, conforme o layout da captura.|Сохраняет основной вид и малое окно вместе, как при съёмке.|احفظ العرض الرئيسي والنافذة الصغيرة معًا وفق تخطيط التصوير.|मुख्य दृश्य और छोटी विंडो को कैप्चर के लेआउट में साथ सहेजें।|Simpan tampilan utama dan jendela kecil bersama sesuai tata letak pengambilan.|บันทึกภาพหลักและหน้าต่างเล็กร่วมกันตามเค้าโครงตอนถ่าย|Lưu khung chính và khung nhỏ cùng nhau, đúng bố cục khi chụp.
322|僅儲存主畫面。錄影中交換主次時，成品也會切換鏡頭。|Save only the main view. Swapping views while recording also switches the camera in the saved video.|メイン画面のみ保存します。録画中に主画面を入れ替えると、保存動画のカメラも切り替わります。|주 화면만 저장합니다. 녹화 중 주 화면을 바꾸면 저장 영상의 카메라도 전환됩니다.|Guarda solo la vista principal. Intercambiar vistas al grabar también cambia la cámara en el vídeo guardado.|Enregistre uniquement la vue principale. Permuter les vues pendant la vidéo change aussi la caméra enregistrée.|Nur das Hauptbild wird gespeichert. Ein Ansichtentausch bei der Aufnahme wechselt auch die Kamera im gespeicherten Video.|Salva solo la vista principale. Scambiando le viste durante la registrazione cambia anche la fotocamera nel video salvato.|Salva só a vista principal. Trocar as vistas ao gravar também muda a câmera no vídeo salvo.|Сохраняет только основной вид. Смена видов при записи также меняет камеру в сохранённом видео.|احفظ العرض الرئيسي فقط. تبديل العرضين أثناء التسجيل يبدّل الكاميرا في الفيديو المحفوظ أيضًا.|केवल मुख्य दृश्य सहेजें। रिकॉर्डिंग में दृश्य बदलने पर सहेजे वीडियो का कैमरा भी बदलता है।|Simpan hanya tampilan utama. Menukar tampilan saat merekam juga mengganti kamera di video tersimpan.|บันทึกเฉพาะภาพหลัก หากสลับภาพระหว่างบันทึก วิดีโอที่บันทึกจะสลับกล้องด้วย|Chỉ lưu khung chính. Đổi khung khi quay cũng đổi camera trong video đã lưu.
272|單鏡頭原片留在 App，成品依拍攝畫幅儲存至系統相簿。|The single camera original stays in the app. Photos receives a copy cropped to your capture ratio.|シングルカメラのオリジナルはアプリに残ります。写真には撮影比率に切り抜いたコピーを保存します。|단일 카메라 원본은 앱에 보관됩니다. 사진 앱에는 촬영 비율로 자른 사본을 저장합니다.|El original de una cámara queda en la app. Fotos recibe una copia con la proporción de captura.|L’original d’une caméra reste dans l’app. Photos reçoit une copie recadrée au format choisi.|Das Einzelkameraoriginal bleibt in der App. Fotos erhält eine Kopie im gewählten Seitenverhältnis.|L’originale della singola fotocamera resta nell’app. Foto riceve una copia ritagliata al formato di ripresa.|O original de uma câmera fica no app. O Fotos recebe uma cópia cortada na proporção da captura.|Оригинал одной камеры остаётся в приложении. В Фото сохраняется копия с выбранными пропорциями.|يبقى أصل الكاميرا الواحدة في التطبيق. تُحفظ في الصور نسخة مقصوصة بنسبة التصوير.|एक कैमरे की मूल फ़ाइल ऐप में रहती है। फ़ोटो में चुने अनुपात के अनुसार कटी प्रति सहेजी जाती है।|File asli satu kamera tetap di aplikasi. Foto menerima salinan yang dipotong sesuai rasio pengambilan.|ต้นฉบับกล้องเดียวอยู่ในแอป ส่วนแอปรูปภาพจะรับสำเนาที่ครอบตามสัดส่วนตอนถ่าย|Bản gốc một camera ở trong ứng dụng. Ảnh nhận bản sao được cắt theo tỷ lệ đã chọn.
273|相簿儲存一份雙鏡頭成品，App 保留兩路原片。|Photos receives one combined capture. Both camera originals stay in the app.|写真には合成した1つの作品を保存し、アプリには両カメラのオリジナルを残します。|사진 앱에는 합성본 한 개를 저장하고 두 카메라 원본은 앱에 보관합니다.|Fotos recibe una captura combinada. Ambos originales quedan en la app.|Photos reçoit une capture combinée. Les deux originaux restent dans l’app.|Fotos erhält eine kombinierte Aufnahme. Beide Kameraoriginale bleiben in der App.|Foto riceve una ripresa combinata. Entrambi gli originali restano nell’app.|O Fotos recebe uma captura combinada. Os dois originais ficam no app.|В Фото сохраняется одна совмещённая запись. Оригиналы обеих камер остаются в приложении.|تستقبل الصور لقطة مدمجة واحدة. يبقى أصلا الكاميرتين في التطبيق.|फ़ोटो में एक संयुक्त कैप्चर सहेजी जाती है। दोनों कैमरों की मूल फ़ाइलें ऐप में रहती हैं।|Foto menerima satu hasil gabungan. Kedua file asli kamera tetap di aplikasi.|แอปรูปภาพรับผลงานรวมหนึ่งรายการ ต้นฉบับทั้งสองกล้องอยู่ในแอป|Ảnh nhận một bản ghép. Bản gốc của cả hai camera ở trong ứng dụng.
315|已儲存至相簿，原片仍保留在 App 中。|Saved to Photos. Originals remain in the app.|写真に保存しました。オリジナルはアプリに残っています。|사진 앱에 저장했습니다. 원본은 앱에 보관됩니다.|Guardado en Fotos. Los originales siguen en la app.|Enregistré dans Photos. Les originaux restent dans l’app.|In Fotos gespeichert. Originale bleiben in der App.|Salvato in Foto. Gli originali restano nell’app.|Salvo no Fotos. Os originais permanecem no app.|Сохранено в Фото. Оригиналы остаются в приложении.|تم الحفظ في الصور. تبقى الأصول في التطبيق.|फ़ोटो में सहेजा गया। मूल फ़ाइलें ऐप में रहती हैं।|Tersimpan di Foto. File asli tetap di aplikasi.|บันทึกในแอปรูปภาพแล้ว ต้นฉบับยังอยู่ในแอป|Đã lưu vào Ảnh. Bản gốc vẫn ở trong ứng dụng.
未手动选择时，使用系统首选语言；不支持的语言使用英语。|未手動選擇時使用系統偏好語言；不支援的語言使用英語。|Use your preferred system language unless you choose one here. Unsupported languages use English.|ここで選択しない場合はシステムの優先言語を使います。非対応の言語は英語になります。|선택하지 않으면 시스템 선호 언어를 사용합니다. 지원하지 않는 언어는 영어로 표시됩니다.|Usa el idioma preferido del sistema salvo que elijas otro aquí. Los idiomas no compatibles usan inglés.|Utilise la langue préférée du système sauf choix ici. Les langues non prises en charge utilisent l’anglais.|Ohne Auswahl gilt die bevorzugte Systemsprache. Nicht unterstützte Sprachen werden durch Englisch ersetzt.|Usa la lingua preferita del sistema se non scegli qui. Per lingue non supportate usa l’inglese.|Usa o idioma preferido do sistema se você não escolher aqui. Idiomas não compatíveis usam inglês.|Без выбора используется предпочитаемый язык системы. Для неподдерживаемых языков используется английский.|تُستخدم لغة النظام المفضلة ما لم تختر لغة هنا. تُستخدم الإنجليزية للغات غير المدعومة.|यहाँ न चुनने पर सिस्टम की पसंदीदा भाषा उपयोग होगी। असमर्थित भाषाओं के लिए अंग्रेज़ी होगी।|Gunakan bahasa pilihan sistem kecuali Anda memilih di sini. Bahasa yang tidak didukung memakai bahasa Inggris.|หากไม่เลือกที่นี่จะใช้ภาษาที่ระบบต้องการ ภาษาที่ไม่รองรับจะใช้ภาษาอังกฤษ|Dùng ngôn ngữ ưu tiên của hệ thống trừ khi bạn chọn ở đây. Ngôn ngữ chưa hỗ trợ sẽ dùng tiếng Anh.
暂时无法使用相机，请稍后重试。|暫時無法使用相機，請稍後重試。|Camera unavailable. Please try again shortly.|カメラを使用できません。しばらくしてから再試行してください。|카메라를 사용할 수 없습니다. 잠시 후 다시 시도하세요.|Cámara no disponible. Inténtalo de nuevo en breve.|Appareil photo indisponible. Réessayez dans un instant.|Kamera nicht verfügbar. Bitte versuche es gleich erneut.|Fotocamera non disponibile. Riprova tra poco.|Câmera indisponível. Tente novamente em instantes.|Камера недоступна. Повторите попытку чуть позже.|الكاميرا غير متاحة. حاول مجددًا بعد قليل.|कैमरा उपलब्ध नहीं है। थोड़ी देर बाद फिर कोशिश करें।|Kamera tidak tersedia. Coba lagi sebentar.|กล้องไม่พร้อมใช้งาน โปรดลองอีกครั้งในอีกสักครู่|Camera chưa khả dụng. Vui lòng thử lại sau ít phút.
当前镜头不支持此录制规格，请选择较低规格。|目前鏡頭不支援此錄影規格，請選擇較低規格。|This camera cannot use these recording settings. Choose a lower resolution or frame rate.|このカメラではこの録画設定を使えません。解像度またはフレームレートを下げてください。|현재 카메라에서 이 녹화 설정을 사용할 수 없습니다. 해상도나 프레임률을 낮추세요.|Esta cámara no admite estos ajustes. Reduce la resolución o la frecuencia de fotogramas.|Cette caméra ne prend pas en charge ces réglages. Réduisez la résolution ou la cadence.|Diese Kamera unterstützt die Aufnahmeeinstellungen nicht. Wähle eine geringere Auflösung oder Bildrate.|Questa fotocamera non supporta queste impostazioni. Riduci risoluzione o frequenza dei fotogrammi.|Esta câmera não aceita esses ajustes. Reduza a resolução ou a taxa de quadros.|Эта камера не поддерживает такие настройки. Уменьшите разрешение или частоту кадров.|لا تدعم هذه الكاميرا إعدادات التسجيل هذه. اختر دقة أو معدل إطارات أقل.|यह कैमरा इन रिकॉर्डिंग सेटिंग का समर्थन नहीं करता। कम रिज़ॉल्यूशन या फ़्रेम दर चुनें।|Kamera ini tidak mendukung pengaturan tersebut. Pilih resolusi atau laju bingkai lebih rendah.|กล้องนี้ไม่รองรับการตั้งค่าบันทึกนี้ โปรดลดความละเอียดหรืออัตราเฟรม|Camera này không hỗ trợ thiết lập quay này. Hãy giảm độ phân giải hoặc tốc độ khung hình.
拍摄未能完成，请重试。已有原片仍保留在 App 中。|拍攝未能完成，請重試。已有原片仍保留在 App 中。|Capture could not finish. Try again. Existing originals remain in the app.|撮影を完了できませんでした。再試行してください。既存のオリジナルはアプリに残っています。|촬영을 완료하지 못했습니다. 다시 시도하세요. 기존 원본은 앱에 보관됩니다.|No se pudo completar la captura. Reinténtalo. Los originales existentes siguen en la app.|La capture n’a pas abouti. Réessayez. Les originaux existants restent dans l’app.|Die Aufnahme konnte nicht abgeschlossen werden. Versuche es erneut. Vorhandene Originale bleiben in der App.|Impossibile completare la ripresa. Riprova. Gli originali esistenti restano nell’app.|Não foi possível concluir a captura. Tente de novo. Os originais existentes ficam no app.|Не удалось завершить съёмку. Повторите попытку. Имеющиеся оригиналы остались в приложении.|تعذر إكمال التصوير. حاول مجددًا. تبقى الأصول الموجودة في التطبيق.|कैप्चर पूरी नहीं हुई। फिर कोशिश करें। मौजूदा मूल फ़ाइलें ऐप में हैं।|Pengambilan belum selesai. Coba lagi. File asli yang ada tetap di aplikasi.|ถ่ายไม่สำเร็จ โปรดลองอีกครั้ง ต้นฉบับที่มีอยู่ยังอยู่ในแอป|Không thể hoàn tất ghi hình. Hãy thử lại. Bản gốc hiện có vẫn ở trong ứng dụng.
7|影片播放失敗，請重新開啟這則回憶。|Video could not play. Reopen this memory.|動画を再生できません。この思い出を開き直してください。|동영상을 재생하지 못했습니다. 이 추억을 다시 여세요.|No se pudo reproducir el vídeo. Abre este recuerdo de nuevo.|Lecture impossible. Rouvrez ce souvenir.|Das Video konnte nicht abgespielt werden. Öffne diese Erinnerung erneut.|Impossibile riprodurre il video. Riapri questo ricordo.|Não foi possível reproduzir o vídeo. Reabra esta memória.|Не удалось воспроизвести видео. Откройте это воспоминание снова.|تعذر تشغيل الفيديو. افتح هذه الذكرى مجددًا.|वीडियो नहीं चला। यह याद फिर खोलें।|Video tidak dapat diputar. Buka ulang kenangan ini.|เล่นวิดีโอไม่ได้ โปรดเปิดความทรงจำนี้อีกครั้ง|Không thể phát video. Hãy mở lại kỷ niệm này.
声音暂时不可用，请检查麦克风权限后重试。|聲音暫時無法使用，請檢查麥克風權限後重試。|Audio is unavailable. Check microphone access and try again.|音声を使用できません。マイクの許可を確認して再試行してください。|오디오를 사용할 수 없습니다. 마이크 권한을 확인하고 다시 시도하세요.|El audio no está disponible. Comprueba el permiso del micrófono y reinténtalo.|Audio indisponible. Vérifiez l’accès au microphone et réessayez.|Audio nicht verfügbar. Prüfe den Mikrofonzugriff und versuche es erneut.|Audio non disponibile. Controlla il permesso del microfono e riprova.|Áudio indisponível. Verifique o acesso ao microfone e tente de novo.|Звук недоступен. Проверьте доступ к микрофону и повторите попытку.|الصوت غير متاح. تحقق من إذن الميكروفون وحاول مجددًا.|ऑडियो उपलब्ध नहीं है। माइक्रोफ़ोन की अनुमति जाँचकर फिर कोशिश करें।|Audio tidak tersedia. Periksa izin mikrofon dan coba lagi.|เสียงไม่พร้อมใช้งาน ตรวจสอบสิทธิ์ไมโครโฟนแล้วลองอีกครั้ง|Âm thanh chưa khả dụng. Kiểm tra quyền micrô rồi thử lại.
锁屏素材暂未导入，原文件已保留。请解锁后重试。|鎖定畫面素材尚未匯入，原檔案已保留。請解鎖後重試。|Lock Screen captures could not be imported. Originals are retained. Unlock and try again.|ロック画面の撮影を読み込めませんでした。オリジナルは保持されています。ロックを解除して再試行してください。|잠금 화면 촬영물을 가져오지 못했습니다. 원본은 보관됩니다. 잠금 해제 후 다시 시도하세요.|No se importaron las capturas de la pantalla bloqueada. Se conservan los originales. Desbloquea y reinténtalo.|Importation des captures verrouillées impossible. Les originaux sont conservés. Déverrouillez et réessayez.|Aufnahmen vom Sperrbildschirm konnten nicht importiert werden. Originale bleiben erhalten. Entsperre das Gerät und versuche es erneut.|Impossibile importare le riprese dalla schermata di blocco. Gli originali sono conservati. Sblocca e riprova.|Não foi possível importar capturas da tela bloqueada. Originais preservados. Desbloqueie e tente de novo.|Не удалось импортировать снимки с экрана блокировки. Оригиналы сохранены. Разблокируйте и повторите попытку.|تعذر استيراد لقطات شاشة القفل. تم الاحتفاظ بالأصول. افتح القفل وحاول مجددًا.|लॉक स्क्रीन कैप्चर आयात नहीं हुईं। मूल फ़ाइलें सुरक्षित हैं। अनलॉक करके फिर कोशिश करें।|Hasil layar kunci belum diimpor. File asli tetap tersimpan. Buka kunci dan coba lagi.|นำเข้าภาพจากหน้าจอล็อกไม่ได้ ต้นฉบับยังอยู่ ปลดล็อกแล้วลองอีกครั้ง|Chưa nhập được ảnh từ màn hình khóa. Bản gốc được giữ lại. Mở khóa rồi thử lại.
15|鎖定畫面素材與現有回憶衝突，已保留兩份檔案。|A Lock Screen capture conflicts with an existing memory. Both copies are retained.|ロック画面の撮影が既存の思い出と競合しています。両方を保持しました。|잠금 화면 촬영물이 기존 추억과 충돌합니다. 두 파일 모두 보관됩니다.|Una captura de la pantalla bloqueada entra en conflicto con un recuerdo. Se conservan ambas copias.|Une capture verrouillée entre en conflit avec un souvenir. Les deux copies sont conservées.|Eine Sperrbildschirmaufnahme steht im Konflikt mit einer Erinnerung. Beide Kopien bleiben erhalten.|Una ripresa dalla schermata di blocco è in conflitto con un ricordo. Entrambe le copie sono conservate.|Uma captura da tela bloqueada conflita com uma memória. As duas cópias foram preservadas.|Снимок с экрана блокировки конфликтует с воспоминанием. Обе копии сохранены.|تتعارض لقطة شاشة القفل مع ذكرى موجودة. تم الاحتفاظ بالنسختين.|लॉक स्क्रीन कैप्चर का मौजूदा याद से टकराव है। दोनों प्रतियाँ सुरक्षित हैं।|Hasil layar kunci bertentangan dengan kenangan yang ada. Kedua salinan dipertahankan.|ภาพจากหน้าจอล็อกขัดแย้งกับความทรงจำเดิม เก็บทั้งสองสำเนาไว้แล้ว|Ảnh từ màn hình khóa xung đột với kỷ niệm hiện có. Đã giữ cả hai bản.
请解锁 iPhone 后重试。|請解鎖 iPhone 後重試。|Unlock your iPhone and try again.|iPhoneのロックを解除して再試行してください。|iPhone 잠금 해제 후 다시 시도하세요.|Desbloquea el iPhone e inténtalo de nuevo.|Déverrouillez l’iPhone et réessayez.|Entsperre dein iPhone und versuche es erneut.|Sblocca iPhone e riprova.|Desbloqueie o iPhone e tente de novo.|Разблокируйте iPhone и повторите попытку.|افتح قفل iPhone وحاول مجددًا.|iPhone अनलॉक करके फिर कोशिश करें।|Buka kunci iPhone dan coba lagi.|ปลดล็อก iPhone แล้วลองอีกครั้ง|Mở khóa iPhone rồi thử lại.
此设备暂不支持当前相机组合，请使用单摄模式。|此裝置暫不支援目前相機組合，請使用單鏡頭模式。|This device cannot use this camera combination. Use single camera mode.|このデバイスではこのカメラの組み合わせを使えません。シングルモードをご利用ください。|이 기기는 현재 카메라 조합을 지원하지 않습니다. 단일 카메라 모드를 사용하세요.|Este dispositivo no admite esta combinación. Usa el modo de una cámara.|Cet appareil ne prend pas en charge cette combinaison. Utilisez le mode à une caméra.|Dieses Gerät unterstützt diese Kamerakombination nicht. Verwende den Einzelkameramodus.|Il dispositivo non supporta questa combinazione. Usa la modalità a fotocamera singola.|Este dispositivo não suporta esta combinação. Use o modo de uma câmera.|Устройство не поддерживает это сочетание камер. Используйте одну камеру.|لا يدعم هذا الجهاز هذه المجموعة من الكاميرات. استخدم وضع الكاميرا الواحدة.|यह डिवाइस इस कैमरा संयोजन का समर्थन नहीं करता। एक कैमरे वाला मोड चुनें।|Perangkat ini tidak mendukung kombinasi kamera ini. Gunakan mode satu kamera.|อุปกรณ์นี้ไม่รองรับกล้องชุดนี้ โปรดใช้โหมดกล้องเดียว|Thiết bị không hỗ trợ tổ hợp camera này. Hãy dùng chế độ một camera.
切换未完成，已恢复原模式。|切換未完成，已恢復原模式。|Switching failed. The previous mode has been restored.|切り替えできませんでした。元のモードに戻しました。|전환하지 못했습니다. 이전 모드로 복원했습니다.|No se pudo cambiar. Se ha restaurado el modo anterior.|Le changement a échoué. Le mode précédent a été rétabli.|Wechsel fehlgeschlagen. Der vorherige Modus wurde wiederhergestellt.|Cambio non riuscito. È stata ripristinata la modalità precedente.|Falha ao trocar. O modo anterior foi restaurado.|Переключение не удалось. Восстановлен предыдущий режим.|فشل التبديل. تمت استعادة الوضع السابق.|बदलाव नहीं हुआ। पिछला मोड बहाल कर दिया गया है।|Peralihan gagal. Mode sebelumnya telah dipulihkan.|สลับไม่สำเร็จ กลับสู่โหมดเดิมแล้ว|Chuyển chế độ thất bại. Đã khôi phục chế độ trước.
倍率暂时无法调整，请重试。|倍率暫時無法調整，請重試。|Zoom could not be adjusted. Try again.|ズームを調整できませんでした。再試行してください。|확대 배율을 조절하지 못했습니다. 다시 시도하세요.|No se pudo ajustar el zoom. Reinténtalo.|Impossible de régler le zoom. Réessayez.|Zoom konnte nicht angepasst werden. Versuche es erneut.|Impossibile regolare lo zoom. Riprova.|Não foi possível ajustar o zoom. Tente de novo.|Не удалось изменить масштаб. Повторите попытку.|تعذر ضبط التكبير. حاول مجددًا.|ज़ूम समायोजित नहीं हुआ। फिर कोशिश करें।|Zoom tidak dapat disesuaikan. Coba lagi.|ปรับซูมไม่ได้ โปรดลองอีกครั้ง|Không thể chỉnh thu phóng. Hãy thử lại.
对焦或曝光暂时无法调整，请重试。|對焦或曝光暫時無法調整，請重試。|Focus or exposure could not be adjusted. Try again.|フォーカスまたは露出を調整できませんでした。再試行してください。|초점이나 노출을 조절하지 못했습니다. 다시 시도하세요.|No se pudo ajustar el enfoque o la exposición. Reinténtalo.|Impossible de régler la mise au point ou l’exposition. Réessayez.|Fokus oder Belichtung konnten nicht angepasst werden. Versuche es erneut.|Impossibile regolare fuoco o esposizione. Riprova.|Não foi possível ajustar foco ou exposição. Tente de novo.|Не удалось настроить фокус или экспозицию. Повторите попытку.|تعذر ضبط التركيز أو التعريض. حاول مجددًا.|फ़ोकस या एक्सपोज़र समायोजित नहीं हुआ। फिर कोशिश करें।|Fokus atau pencahayaan tidak dapat disesuaikan. Coba lagi.|ปรับโฟกัสหรือค่าแสงไม่ได้ โปรดลองอีกครั้ง|Không thể chỉnh lấy nét hoặc phơi sáng. Hãy thử lại.
当前镜头的闪光灯或补光暂不可用。|目前鏡頭的閃光燈或補光暫時無法使用。|Flash or fill light is unavailable for this camera.|このカメラのフラッシュまたは補助光を使用できません。|현재 카메라의 플래시 또는 보조광을 사용할 수 없습니다.|El flash o la luz de relleno no están disponibles para esta cámara.|Flash ou éclairage d’appoint indisponible pour cette caméra.|Blitz oder Aufhelllicht ist für diese Kamera nicht verfügbar.|Flash o luce di riempimento non disponibili per questa fotocamera.|Flash ou luz de preenchimento indisponível nesta câmera.|Вспышка или подсветка недоступны для этой камеры.|الفلاش أو إضاءة التعبئة غير متاحة لهذه الكاميرا.|इस कैमरे के लिए फ़्लैश या सहायक रोशनी उपलब्ध नहीं है।|Lampu kilat atau pengisi tidak tersedia untuk kamera ini.|แฟลชหรือไฟเสริมไม่พร้อมใช้งานสำหรับกล้องนี้|Flash hoặc đèn bổ trợ chưa khả dụng cho camera này.
Live Photo 暂不可用，静态照片仍会保留。|Live Photo 暫時無法使用，靜態照片仍會保留。|Live Photo is unavailable. The still photo will be retained.|Live Photoを使用できません。静止画は保持されます。|Live Photo를 사용할 수 없습니다. 정지 사진은 보관됩니다.|Live Photo no está disponible. La foto fija se conservará.|Live Photo indisponible. La photo fixe sera conservée.|Live Photo ist nicht verfügbar. Das Standbild bleibt erhalten.|Live Photo non disponibile. La foto statica verrà conservata.|Live Photo indisponível. A foto estática será preservada.|Live Photo недоступно. Обычное фото будет сохранено.|Live Photo غير متاحة. سيتم الاحتفاظ بالصورة الثابتة.|Live Photo उपलब्ध नहीं है। स्थिर फ़ोटो सुरक्षित रहेगी।|Live Photo tidak tersedia. Foto diam tetap disimpan.|Live Photo ไม่พร้อมใช้งาน ภาพนิ่งจะยังถูกเก็บไว้|Live Photo chưa khả dụng. Ảnh tĩnh vẫn sẽ được giữ lại.
Live Photo 可以保存，但这次没有声音。|Live Photo 可以儲存，但這次沒有聲音。|Live Photo can be saved, but without sound this time.|Live Photoは保存できますが、今回は音声がありません。|Live Photo를 저장할 수 있지만 이번에는 소리가 없습니다.|Se puede guardar Live Photo, pero esta vez sin sonido.|Live Photo peut être enregistrée, mais sans son cette fois.|Live Photo kann gespeichert werden, diesmal jedoch ohne Ton.|Live Photo può essere salvata, ma questa volta senza audio.|Live Photo pode ser salva, mas desta vez sem som.|Live Photo можно сохранить, но в этот раз без звука.|يمكن حفظ Live Photo، لكن بدون صوت هذه المرة.|Live Photo सहेजी जा सकती है, लेकिन इस बार बिना आवाज़।|Live Photo dapat disimpan, tetapi kali ini tanpa suara.|บันทึก Live Photo ได้ แต่ครั้งนี้ไม่มีเสียง|Có thể lưu Live Photo nhưng lần này không có âm thanh.
161|錄影需要麥克風權限，請在系統設定中開啟。|Video recording needs microphone access. Enable it in Settings.|動画撮影にはマイクへのアクセスが必要です。設定で許可してください。|동영상 녹화에는 마이크 권한이 필요합니다. 설정에서 허용하세요.|Grabar vídeo requiere acceso al micrófono. Actívalo en Ajustes.|L’enregistrement vidéo nécessite l’accès au microphone. Activez-le dans Réglages.|Videoaufnahmen benötigen Mikrofonzugriff. Aktiviere ihn in den Einstellungen.|La registrazione video richiede l’accesso al microfono. Abilitalo in Impostazioni.|Gravar vídeo precisa de acesso ao microfone. Ative nos Ajustes.|Для записи видео нужен доступ к микрофону. Включите его в Настройках.|يتطلب تسجيل الفيديو إذن الميكروفون. فعّله في الإعدادات.|वीडियो रिकॉर्डिंग के लिए माइक्रोफ़ोन की अनुमति चाहिए। सेटिंग में चालू करें।|Perekaman video perlu akses mikrofon. Aktifkan di Pengaturan.|การบันทึกวิดีโอต้องใช้ไมโครโฟน เปิดสิทธิ์ในการตั้งค่า|Quay video cần quyền micrô. Hãy bật trong Cài đặt.
拍摄已中断，已保留能够保存的原片，请在回忆中查看。|拍攝已中斷，已保留能夠儲存的原片，請在回憶中查看。|Capture was interrupted. Available originals are retained. Check Memories.|撮影が中断されました。保存可能なオリジナルは保持されています。思い出をご確認ください。|촬영이 중단되었습니다. 저장 가능한 원본은 보관됩니다. 추억에서 확인하세요.|La captura se interrumpió. Se conservan los originales disponibles. Revisa Recuerdos.|La capture a été interrompue. Les originaux disponibles sont conservés. Consultez Souvenirs.|Die Aufnahme wurde unterbrochen. Verfügbare Originale bleiben erhalten. Prüfe Erinnerungen.|La ripresa è stata interrotta. Gli originali disponibili sono conservati. Controlla Ricordi.|A captura foi interrompida. Os originais disponíveis foram preservados. Veja Memórias.|Съёмка прервана. Доступные оригиналы сохранены. Проверьте Воспоминания.|انقطع التصوير. تم الاحتفاظ بالأصول المتاحة. راجع الذكريات.|कैप्चर बाधित हुई। उपलब्ध मूल फ़ाइलें सुरक्षित हैं। यादें देखें।|Pengambilan terhenti. File asli yang tersedia tetap tersimpan. Periksa Kenangan.|การถ่ายถูกขัดจังหวะ เก็บต้นฉบับที่บันทึกได้ไว้แล้ว ตรวจสอบในความทรงจำ|Ghi hình bị gián đoạn. Đã giữ bản gốc hiện có. Hãy xem Kỷ niệm.
原片不完整，无法合成；已有素材仍保留在回忆中。|原片不完整，無法合成；已有素材仍保留在回憶中。|Originals are incomplete and cannot be combined. Available files remain in Memories.|オリジナルが不完全なため合成できません。既存の素材は思い出に残っています。|원본이 완전하지 않아 합성할 수 없습니다. 기존 파일은 추억에 보관됩니다.|Los originales están incompletos y no se pueden combinar. Los archivos disponibles siguen en Recuerdos.|Les originaux sont incomplets et ne peuvent être combinés. Les fichiers disponibles restent dans Souvenirs.|Originale sind unvollständig und können nicht kombiniert werden. Vorhandene Dateien bleiben in Erinnerungen.|Gli originali sono incompleti e non possono essere combinati. I file disponibili restano in Ricordi.|Os originais estão incompletos e não podem ser combinados. Os arquivos disponíveis ficam em Memórias.|Оригиналы неполны, объединить их нельзя. Доступные файлы остались в Воспоминаниях.|الأصول غير مكتملة ولا يمكن دمجها. تبقى الملفات المتاحة في الذكريات.|मूल फ़ाइलें अधूरी हैं और जोड़ी नहीं जा सकतीं। उपलब्ध फ़ाइलें यादों में हैं।|File asli tidak lengkap dan tidak dapat digabung. File yang ada tetap di Kenangan.|ต้นฉบับไม่ครบจึงรวมไม่ได้ ไฟล์ที่มีอยู่ยังอยู่ในความทรงจำ|Bản gốc chưa đầy đủ nên không thể ghép. Tệp hiện có vẫn ở Kỷ niệm.
请在系统设置允许 ArkCam 添加照片，然后重试。原片仍已保留。|請在系統設定允許 ArkCam 加入照片，再重試。原片仍已保留。|Allow ArkCam to add photos in Settings, then try again. Originals are retained.|設定でArkCamによる写真の追加を許可してから再試行してください。オリジナルは保持されています。|설정에서 ArkCam의 사진 추가를 허용한 후 다시 시도하세요. 원본은 보관됩니다.|Permite que ArkCam añada fotos en Ajustes y reinténtalo. Los originales se conservan.|Autorisez ArkCam à ajouter des photos dans Réglages, puis réessayez. Les originaux sont conservés.|Erlaube ArkCam in den Einstellungen, Fotos hinzuzufügen, und versuche es erneut. Originale bleiben erhalten.|Consenti ad ArkCam di aggiungere foto in Impostazioni, poi riprova. Gli originali sono conservati.|Permita que ArkCam adicione fotos nos Ajustes e tente novamente. Originais preservados.|Разрешите ArkCam добавлять фото в Настройках и повторите попытку. Оригиналы сохранены.|اسمح لـ ArkCam بإضافة الصور في الإعدادات ثم حاول مجددًا. تم الاحتفاظ بالأصول.|सेटिंग में ArkCam को फ़ोटो जोड़ने दें, फिर कोशिश करें। मूल फ़ाइलें सुरक्षित हैं।|Izinkan ArkCam menambahkan foto di Pengaturan lalu coba lagi. File asli tetap tersimpan.|อนุญาตให้ ArkCam เพิ่มรูปภาพในการตั้งค่า แล้วลองอีกครั้ง ต้นฉบับยังอยู่|Cho phép ArkCam thêm ảnh trong Cài đặt rồi thử lại. Bản gốc được giữ lại.
保存尚未完成，请重试。原片仍保留在 App 中。|儲存尚未完成，請重試。原片仍保留在 App 中。|Saving could not finish. Try again. Originals remain in the app.|保存を完了できませんでした。再試行してください。オリジナルはアプリに残っています。|저장을 완료하지 못했습니다. 다시 시도하세요. 원본은 앱에 보관됩니다.|No se pudo terminar de guardar. Reinténtalo. Los originales siguen en la app.|L’enregistrement n’a pas abouti. Réessayez. Les originaux restent dans l’app.|Speichern konnte nicht abgeschlossen werden. Versuche es erneut. Originale bleiben in der App.|Impossibile completare il salvataggio. Riprova. Gli originali restano nell’app.|Não foi possível concluir o salvamento. Tente de novo. Os originais ficam no app.|Не удалось завершить сохранение. Повторите попытку. Оригиналы остались в приложении.|تعذر إكمال الحفظ. حاول مجددًا. تبقى الأصول في التطبيق.|सहेजना पूरा नहीं हुआ। फिर कोशिश करें। मूल फ़ाइलें ऐप में हैं।|Penyimpanan belum selesai. Coba lagi. File asli tetap di aplikasi.|บันทึกไม่สำเร็จ โปรดลองอีกครั้ง ต้นฉบับยังอยู่ในแอป|Chưa lưu xong. Hãy thử lại. Bản gốc vẫn ở trong ứng dụng.
281|儲存失敗：系統回報儲存空間不足，請騰出空間後重試。|Saving failed: iOS reports insufficient storage. Free up space and try again.|保存できませんでした。iOSが容量不足を報告しています。空き容量を増やして再試行してください。|저장 실패: iOS에서 저장 공간이 부족하다고 보고했습니다. 공간을 확보하고 다시 시도하세요.|No se pudo guardar: iOS indica espacio insuficiente. Libera espacio y reinténtalo.|Échec de l’enregistrement : iOS signale un stockage insuffisant. Libérez de l’espace et réessayez.|Speichern fehlgeschlagen: iOS meldet zu wenig Speicher. Gib Speicher frei und versuche es erneut.|Salvataggio non riuscito: iOS segnala spazio insufficiente. Libera spazio e riprova.|Falha ao salvar: o iOS informou falta de espaço. Libere espaço e tente novamente.|Не удалось сохранить: iOS сообщает о нехватке места. Освободите место и повторите попытку.|فشل الحفظ: أبلغ iOS عن نقص التخزين. أفرغ مساحة وحاول مجددًا.|सहेजना विफल: iOS के अनुसार जगह कम है। जगह खाली करके फिर कोशिश करें।|Gagal menyimpan: iOS melaporkan ruang tidak cukup. Kosongkan ruang dan coba lagi.|บันทึกไม่สำเร็จ: iOS แจ้งว่าพื้นที่ไม่พอ เพิ่มพื้นที่ว่างแล้วลองอีกครั้ง|Lưu thất bại: iOS báo không đủ dung lượng. Giải phóng dung lượng rồi thử lại.
282|無法存取拍攝目錄，請解鎖後重新開啟 ArkCam 再試。|Cannot access the capture folder. Unlock your iPhone, reopen ArkCam and try again.|撮影フォルダにアクセスできません。iPhoneをロック解除し、ArkCamを開き直して再試行してください。|촬영 폴더에 접근할 수 없습니다. iPhone 잠금을 해제하고 ArkCam을 다시 열어 시도하세요.|No se puede acceder a la carpeta de captura. Desbloquea el iPhone, abre ArkCam de nuevo y reinténtalo.|Impossible d’accéder au dossier de capture. Déverrouillez l’iPhone, rouvrez ArkCam et réessayez.|Kein Zugriff auf den Aufnahmeordner. Entsperre dein iPhone, öffne ArkCam erneut und versuche es noch einmal.|Impossibile accedere alla cartella di ripresa. Sblocca iPhone, riapri ArkCam e riprova.|Não foi possível acessar a pasta de captura. Desbloqueie o iPhone, reabra ArkCam e tente de novo.|Нет доступа к папке съёмки. Разблокируйте iPhone, снова откройте ArkCam и повторите попытку.|تعذر الوصول إلى مجلد التصوير. افتح قفل iPhone وأعد فتح ArkCam وحاول مجددًا.|कैप्चर फ़ोल्डर उपलब्ध नहीं है। iPhone अनलॉक करें, ArkCam फिर खोलें और कोशिश करें।|Folder pengambilan tidak dapat diakses. Buka kunci iPhone, buka ulang ArkCam dan coba lagi.|เข้าถึงโฟลเดอร์ภาพไม่ได้ ปลดล็อก iPhone เปิด ArkCam ใหม่แล้วลองอีกครั้ง|Không truy cập được thư mục ghi hình. Mở khóa iPhone, mở lại ArkCam rồi thử lại.
无法读取回忆，请重新打开 App。|無法讀取回憶，請重新開啟 App。|Memories could not be loaded. Reopen the app.|思い出を読み込めませんでした。アプリを開き直してください。|추억을 불러오지 못했습니다. 앱을 다시 여세요.|No se pudieron cargar los recuerdos. Abre la app de nuevo.|Impossible de charger les souvenirs. Rouvrez l’app.|Erinnerungen konnten nicht geladen werden. Öffne die App erneut.|Impossibile caricare i ricordi. Riapri l’app.|Não foi possível carregar as memórias. Reabra o app.|Не удалось загрузить воспоминания. Откройте приложение снова.|تعذر تحميل الذكريات. أعد فتح التطبيق.|यादें लोड नहीं हुईं। ऐप फिर खोलें।|Kenangan tidak dapat dimuat. Buka ulang aplikasi.|โหลดความทรงจำไม่ได้ โปรดเปิดแอปใหม่|Không tải được kỷ niệm. Hãy mở lại ứng dụng.
345|已復原 %@ 則中斷的拍攝，請在回憶中查看。|Recovered %@ interrupted captures. Check Memories.|中断された撮影を%@件復元しました。思い出をご確認ください。|중단된 촬영 %@개를 복구했습니다. 추억에서 확인하세요.|Se recuperaron %@ capturas interrumpidas. Revisa Recuerdos.|%@ captures interrompues récupérées. Consultez Souvenirs.|%@ unterbrochene Aufnahmen wiederhergestellt. Prüfe Erinnerungen.|Recuperate %@ riprese interrotte. Controlla Ricordi.|%@ capturas interrompidas recuperadas. Veja Memórias.|Восстановлено прерванных съёмок: %@. Проверьте Воспоминания.|تمت استعادة %@ من اللقطات المنقطعة. راجع الذكريات.|%@ बाधित कैप्चर बहाल हुईं। यादें देखें।|%@ pengambilan terhenti dipulihkan. Periksa Kenangan.|กู้คืนการถ่ายที่ถูกขัดจังหวะ %@ รายการแล้ว ตรวจสอบในความทรงจำ|Đã khôi phục %@ lần ghi hình bị gián đoạn. Hãy xem Kỷ niệm.
使用相机记录眼前的画面，也支持同时记录镜头后面的你。|使用相機記錄眼前的畫面，也可同時記錄鏡頭後的你。|Use the camera to capture the scene, with the option to capture you at the same time.|カメラで目の前の景色を撮影し、同時にあなたも記録できます。|카메라로 눈앞의 장면을 촬영하며 나의 모습도 함께 기록할 수 있습니다.|Usa la cámara para capturar la escena y, si quieres, a ti al mismo tiempo.|Utilisez la caméra pour capturer la scène et, si souhaité, vous en même temps.|Nutzt die Kamera für die Szene und auf Wunsch auch für dich zur selben Zeit.|Usa la fotocamera per riprendere la scena e, se vuoi, anche te nello stesso momento.|Usa a câmera para capturar a cena e, se quiser, você ao mesmo tempo.|Камера снимает сцену и при желании вас одновременно.|استخدم الكاميرا لتصوير المشهد مع إمكانية تصوير نفسك في الوقت نفسه.|कैमरे से दृश्य कैप्चर करें और चाहें तो साथ में खुद को भी रिकॉर्ड करें।|Gunakan kamera untuk merekam pemandangan dan, jika diinginkan, diri Anda sekaligus.|ใช้กล้องถ่ายภาพตรงหน้า พร้อมเลือกถ่ายตัวคุณไปด้วยได้|Dùng camera ghi lại cảnh trước mắt và có thể ghi cả bạn cùng lúc.
读取手机倾斜状态，在取景时显示水平仪。|讀取手機傾斜狀態，在取景時顯示水平儀。|Read device tilt to show a level in the viewfinder.|デバイスの傾きを読み取り、ファインダーに水準器を表示します。|기기 기울기를 읽어 뷰파인더에 수평계를 표시합니다.|Lee la inclinación del dispositivo para mostrar un nivel en el visor.|Lit l’inclinaison de l’appareil pour afficher un niveau dans le viseur.|Liest die Geräteneigung, um eine Wasserwaage im Sucher anzuzeigen.|Legge l’inclinazione del dispositivo per mostrare una livella nel mirino.|Lê a inclinação do dispositivo para mostrar um nível no visor.|Определяет наклон устройства для отображения уровня в видоискателе.|قراءة ميل الجهاز لإظهار ميزان في محدد المنظر.|व्यूफ़ाइंडर में लेवल दिखाने के लिए डिवाइस का झुकाव पढ़ें।|Membaca kemiringan perangkat untuk menampilkan indikator level di jendela bidik.|อ่านการเอียงของอุปกรณ์เพื่อแสดงระดับน้ำในช่องมองภาพ|Đọc độ nghiêng thiết bị để hiển thị thước cân bằng trong khung ngắm.
使用麦克风为视频和 Live Photo 记录声音。|使用麥克風為影片和 Live Photo 記錄聲音。|Use the microphone to record sound for videos and Live Photos.|マイクで動画とLive Photoの音声を録音します。|마이크로 동영상과 Live Photo의 소리를 녹음합니다.|Usa el micrófono para grabar sonido en vídeos y Live Photos.|Utilise le microphone pour enregistrer le son des vidéos et Live Photos.|Nutzt das Mikrofon, um Ton für Videos und Live Photos aufzunehmen.|Usa il microfono per registrare audio in video e Live Photo.|Usa o microfone para gravar som em vídeos e Live Photos.|Микрофон записывает звук для видео и Live Photos.|استخدام الميكروفون لتسجيل الصوت في الفيديو وLive Photos.|वीडियो और Live Photos में आवाज़ रिकॉर्ड करने के लिए माइक्रोफ़ोन का उपयोग करें।|Menggunakan mikrofon untuk merekam suara video dan Live Photo.|ใช้ไมโครโฟนบันทึกเสียงสำหรับวิดีโอและ Live Photo|Dùng micrô ghi âm cho video và Live Photo.
为照片和视频记录拍摄位置，方便日后回看。|為照片與影片記錄拍攝位置，方便日後回看。|Record where photos and videos were taken so you can revisit your memories.|写真と動画の撮影場所を記録し、後から思い出を振り返れます。|사진과 동영상의 촬영 위치를 기록해 나중에 추억을 돌아볼 수 있습니다.|Registra dónde se tomaron fotos y vídeos para volver a tus recuerdos.|Enregistre le lieu des photos et vidéos pour retrouver vos souvenirs.|Speichert den Aufnahmeort von Fotos und Videos, damit du Erinnerungen wiederfinden kannst.|Registra dove sono stati realizzati foto e video per ritrovare i tuoi ricordi.|Registra onde fotos e vídeos foram feitos para revisitar suas memórias.|Сохраняет место съёмки фото и видео, чтобы вы могли вернуться к воспоминаниям.|تسجيل مكان التقاط الصور والفيديو للعودة إلى ذكرياتك لاحقًا.|फ़ोटो और वीडियो का स्थान दर्ज करें ताकि यादें फिर देख सकें।|Merekam lokasi foto dan video agar kenangan dapat ditinjau kembali.|บันทึกสถานที่ถ่ายรูปและวิดีโอเพื่อย้อนดูความทรงจำภายหลัง|Ghi lại nơi chụp ảnh và quay video để bạn xem lại kỷ niệm.
按你的设置自动将合成或主画面照片、Live Photo 和视频保存到系统相册，原片保留在 App 中。|依設定將合成或主畫面的照片、Live Photo 與影片自動儲存至系統相簿，原片保留在 App 中。|Automatically save combined or main-view photos, Live Photos and videos to Photos as you choose. Originals stay in the app.|選択に応じて合成またはメイン画面の写真、Live Photo、動画を写真に自動保存します。オリジナルはアプリに残ります。|선택에 따라 합성 또는 주 화면의 사진, Live Photo, 동영상을 사진 앱에 자동 저장합니다. 원본은 앱에 보관됩니다.|Guarda automáticamente fotos, Live Photos y vídeos combinados o de la vista principal en Fotos según elijas. Los originales quedan en la app.|Enregistre automatiquement dans Photos les photos, Live Photos et vidéos combinées ou de la vue principale selon votre choix. Les originaux restent dans l’app.|Speichert kombinierte oder Hauptbild-Fotos, Live Photos und Videos nach deiner Auswahl automatisch in Fotos. Originale bleiben in der App.|Salva automaticamente in Foto foto, Live Photo e video combinati o della vista principale, secondo la tua scelta. Gli originali restano nell’app.|Salva automaticamente no Fotos fotos, Live Photos e vídeos combinados ou da vista principal, conforme sua escolha. Os originais ficam no app.|Автоматически сохраняет в Фото совмещённые снимки, Live Photos и видео или основной вид по вашему выбору. Оригиналы остаются в приложении.|حفظ الصور وLive Photos والفيديو المدمجة أو من العرض الرئيسي تلقائيًا في الصور حسب اختيارك. تبقى الأصول في التطبيق.|आपकी पसंद के अनुसार संयुक्त या मुख्य दृश्य की फ़ोटो, Live Photos और वीडियो अपने आप फ़ोटो में सहेजें। मूल फ़ाइलें ऐप में रहती हैं।|Otomatis menyimpan foto, Live Photo, dan video gabungan atau tampilan utama ke Foto sesuai pilihan Anda. File asli tetap di aplikasi.|บันทึกรูปภาพ Live Photo และวิดีโอแบบรวมหรือภาพหลักในแอปรูปภาพอัตโนมัติตามที่เลือก ต้นฉบับอยู่ในแอป|Tự động lưu ảnh, Live Photo và video ghép hoặc khung chính vào Ảnh theo lựa chọn. Bản gốc ở trong ứng dụng.
ArkCam · iOS 预览版 0.1|ArkCam · iOS 預覽版 0.1|ArkCam · iOS Preview 0.1|ArkCam · iOSプレビュー 0.1|ArkCam · iOS 미리 보기 0.1|ArkCam · Vista previa de iOS 0.1|ArkCam · Aperçu iOS 0.1|ArkCam · iOS-Vorschau 0.1|ArkCam · Anteprima iOS 0.1|ArkCam · Prévia para iOS 0.1|ArkCam · Предварительная версия iOS 0.1|ArkCam · معاينة iOS 0.1|ArkCam · iOS पूर्वावलोकन 0.1|ArkCam · Pratinjau iOS 0.1|ArkCam · iOS รุ่นพรีวิว 0.1|ArkCam · Bản xem trước iOS 0.1
12|無法播放聲音：%@|Audio could not play: %@|音声を再生できません：%@|오디오를 재생하지 못했습니다: %@|No se pudo reproducir el audio: %@|Lecture audio impossible : %@|Audio konnte nicht abgespielt werden: %@|Impossibile riprodurre l’audio: %@|Não foi possível reproduzir áudio: %@|Не удалось воспроизвести звук: %@|تعذر تشغيل الصوت: %@|ऑडियो नहीं चला: %@|Audio tidak dapat diputar: %@|เล่นเสียงไม่ได้: %@|Không thể phát âm thanh: %@
158|Live Photo 會正常儲存；開啟麥克風權限後也能記錄聲音。|Live Photo will save normally. Allow microphone access to also record sound.|Live Photoは通常どおり保存されます。マイクを許可すると音声も記録できます。|Live Photo는 정상 저장됩니다. 소리도 녹음하려면 마이크를 허용하세요.|Live Photo se guardará normalmente. Permite el micrófono para grabar sonido también.|Live Photo sera enregistrée normalement. Autorisez le microphone pour enregistrer aussi le son.|Live Photo wird normal gespeichert. Erlaube den Mikrofonzugriff, um auch Ton aufzunehmen.|Live Photo verrà salvata normalmente. Consenti il microfono per registrare anche l’audio.|Live Photo será salva normalmente. Permita o microfone para também gravar som.|Live Photo сохранится как обычно. Разрешите микрофон для записи звука.|ستُحفظ Live Photo بصورة عادية. اسمح بالميكروفون لتسجيل الصوت أيضًا.|Live Photo सामान्य रूप से सहेजी जाएगी। आवाज़ के लिए माइक्रोफ़ोन की अनुमति दें।|Live Photo tersimpan normal. Izinkan mikrofon untuk merekam suara juga.|Live Photo จะบันทึกตามปกติ อนุญาตไมโครโฟนเพื่อบันทึกเสียงด้วย|Live Photo được lưu bình thường. Cho phép micrô để ghi cả âm thanh.
160|已寫入的原片仍保留在拍攝目錄。|Written originals remain in the capture folder.|書き込み済みのオリジナルは撮影フォルダに残っています。|기록된 원본은 촬영 폴더에 보관됩니다.|Los originales escritos permanecen en la carpeta de captura.|Les originaux écrits restent dans le dossier de capture.|Geschriebene Originale bleiben im Aufnahmeordner.|Gli originali scritti restano nella cartella di ripresa.|Os originais gravados permanecem na pasta de captura.|Записанные оригиналы остались в папке съёмки.|تبقى الأصول المكتوبة في مجلد التصوير.|लिखी गई मूल फ़ाइलें कैप्चर फ़ोल्डर में हैं।|File asli yang telah ditulis tetap di folder pengambilan.|ต้นฉบับที่เขียนแล้วจะยังอยู่ในโฟลเดอร์ภาพ|Bản gốc đã ghi vẫn ở thư mục ghi hình.
318|儲存失敗：%@\n原片仍保留在 App 中。|Saving failed: %@\nOriginals remain in the app.|保存できませんでした：%@\nオリジナルはアプリに残っています。|저장 실패: %@\n원본은 앱에 보관됩니다.|Error al guardar: %@\nLos originales siguen en la app.|Échec de l’enregistrement : %@\nLes originaux restent dans l’app.|Speichern fehlgeschlagen: %@\nOriginale bleiben in der App.|Salvataggio non riuscito: %@\nGli originali restano nell’app.|Falha ao salvar: %@\nOs originais ficam no app.|Не удалось сохранить: %@\nОригиналы остались в приложении.|فشل الحفظ: %@\nتبقى الأصول في التطبيق.|सहेजना विफल: %@\nमूल फ़ाइलें ऐप में हैं।|Gagal menyimpan: %@\nFile asli tetap di aplikasi.|บันทึกไม่สำเร็จ: %@\nต้นฉบับยังอยู่ในแอป|Lưu thất bại: %@\nBản gốc vẫn ở trong ứng dụng.
检查更新|檢查更新|Check for updates|アップデートを確認|업데이트 확인|Buscar actualizaciones|Rechercher des mises à jour|Nach Updates suchen|Controlla aggiornamenti|Buscar atualizações|Проверить обновления|التحقق من التحديثات|अपडेट जाँचें|Periksa pembaruan|ตรวจสอบการอัปเดต|Kiểm tra cập nhật
给个好评|給個好評|Rate ArkCam|ArkCamを評価|ArkCam 평가하기|Valorar ArkCam|Noter ArkCam|ArkCam bewerten|Valuta ArkCam|Avaliar ArkCam|Оценить ArkCam|تقييم ArkCam|ArkCam को रेट करें|Beri nilai ArkCam|ให้คะแนน ArkCam|Đánh giá ArkCam
用户协议|使用者協議|Terms of use|利用規約|이용약관|Condiciones de uso|Conditions d’utilisation|Nutzungsbedingungen|Termini di utilizzo|Termos de uso|Условия использования|شروط الاستخدام|उपयोग की शर्तें|Ketentuan penggunaan|ข้อกำหนดการใช้งาน|Điều khoản sử dụng
隐私条款|隱私條款|Privacy policy|プライバシーポリシー|개인정보 처리방침|Política de privacidad|Politique de confidentialité|Datenschutzerklärung|Informativa sulla privacy|Política de privacidade|Политика конфиденциальности|سياسة الخصوصية|गोपनीयता नीति|Kebijakan privasi|นโยบายความเป็นส่วนตัว|Chính sách quyền riêng tư
备案信息|備案資訊|Registration details|届出情報|등록 정보|Datos de registro|Informations d’enregistrement|Registrierungsinformationen|Informazioni di registrazione|Dados de registro|Сведения о регистрации|معلومات التسجيل|पंजीकरण विवरण|Informasi pendaftaran|ข้อมูลการจดทะเบียน|Thông tin đăng ký
待上线|待上線|Coming soon|近日公開|출시 예정|Próximamente|À venir|Demnächst|In arrivo|Em breve|Скоро|قريبًا|जल्द आ रहा है|Segera hadir|เร็ว ๆ นี้|Sắp ra mắt
待补充|待補充|Pending|準備中|준비 중|Pendiente|À compléter|Ausstehend|Da completare|Pendente|Ожидается|قيد الإعداد|लंबित|Menunggu|รอเพิ่มเติม|Chờ bổ sung
内容待补充|內容待補充|Content coming soon|コンテンツ準備中|콘텐츠 준비 중|Contenido pendiente|Contenu à venir|Inhalt folgt|Contenuto in arrivo|Conteúdo em breve|Содержимое готовится|المحتوى قيد الإعداد|सामग्री जल्द आएगी|Konten segera hadir|กำลังเตรียมเนื้อหา|Nội dung sẽ được bổ sung
正式上线后开放。|正式上線後開放。|Available after the official launch.|正式リリース後に利用できます。|정식 출시 후 이용할 수 있습니다.|Disponible después del lanzamiento oficial.|Disponible après le lancement officiel.|Nach der offiziellen Veröffentlichung verfügbar.|Disponibile dopo il lancio ufficiale.|Disponível após o lançamento oficial.|Будет доступно после официального выпуска.|متاح بعد الإطلاق الرسمي.|आधिकारिक लॉन्च के बाद उपलब्ध होगा।|Tersedia setelah peluncuran resmi.|พร้อมใช้งานหลังเปิดตัวอย่างเป็นทางการ|Sẽ khả dụng sau khi ra mắt chính thức.
内容将在正式上线前补充。|內容將在正式上線前補充。|This content will be added before the official launch.|正式リリース前に内容を追加します。|정식 출시 전에 내용을 추가할 예정입니다.|Este contenido se añadirá antes del lanzamiento oficial.|Ce contenu sera ajouté avant le lancement officiel.|Dieser Inhalt wird vor der offiziellen Veröffentlichung ergänzt.|Questo contenuto verrà aggiunto prima del lancio ufficiale.|Este conteúdo será adicionado antes do lançamento oficial.|Содержимое будет добавлено до официального выпуска.|سيُضاف هذا المحتوى قبل الإطلاق الرسمي.|यह सामग्री आधिकारिक लॉन्च से पहले जोड़ी जाएगी।|Konten ini akan ditambahkan sebelum peluncuran resmi.|จะเพิ่มเนื้อหานี้ก่อนเปิดตัวอย่างเป็นทางการ|Nội dung này sẽ được bổ sung trước khi ra mắt chính thức.
取消倒计时|取消倒數計時|Cancel countdown|カウントダウンを取り消す|카운트다운 취소|Cancelar cuenta atrás|Annuler le compte à rebours|Countdown abbrechen|Annulla conto alla rovescia|Cancelar contagem regressiva|Отменить отсчёт|إلغاء العد التنازلي|उलटी गिनती रद्द करें|Batalkan hitung mundur|ยกเลิกการนับถอยหลัง|Hủy đếm ngược
计时器|計時器|Timer|タイマー|타이머|Temporizador|Minuteur|Timer|Timer|Temporizador|Таймер|المؤقت|टाइमर|Timer|ตัวจับเวลา|Hẹn giờ
增强防抖|增強防震|Enhanced stabilization|強化手ぶれ補正|향상된 손떨림 보정|Estabilización mejorada|Stabilisation renforcée|Verstärkte Stabilisierung|Stabilizzazione avanzata|Estabilização aprimorada|Усиленная стабилизация|تثبيت محسّن|बेहतर स्थिरीकरण|Stabilisasi ditingkatkan|ระบบกันสั่นขั้นสูง|Chống rung nâng cao
格式|格式|Format|フォーマット|포맷|Formato|Format|Format|Formato|Formato|Формат|التنسيق|फ़ॉर्मैट|Format|รูปแบบ|Định dạng
%@ 秒|%@ 秒|%@ s|%@秒|%@초|%@ s|%@ s|%@ s|%@ s|%@ s|%@ с|%@ ث|%@ सेकंड|%@ dtk|%@ วินาที|%@ giây
增强防抖会裁切取景，并可能增加预览延迟。|增強防震會裁切取景，並可能增加預覽延遲。|Enhanced stabilization crops the view and may increase preview delay.|強化手ぶれ補正は画角を狭め、プレビューの遅延を増やす場合があります。|향상된 손떨림 보정은 화면을 자르며 미리보기 지연이 늘어날 수 있습니다.|La estabilización mejorada recorta la imagen y puede aumentar el retardo de la vista previa.|La stabilisation renforcée recadre l’image et peut augmenter le délai de l’aperçu.|Verstärkte Stabilisierung beschneidet das Bild und kann die Vorschau verzögern.|La stabilizzazione avanzata ritaglia l’immagine e può aumentare il ritardo dell’anteprima.|A estabilização aprimorada recorta a imagem e pode aumentar o atraso da prévia.|Усиленная стабилизация обрезает кадр и может увеличить задержку предпросмотра.|يقتص التثبيت المحسّن الصورة وقد يزيد تأخير المعاينة.|बेहतर स्थिरीकरण दृश्य को क्रॉप करता है और प्रीव्यू में देरी बढ़ा सकता है।|Stabilisasi ditingkatkan memotong tampilan dan dapat menambah jeda pratinjau.|ระบบกันสั่นขั้นสูงจะครอบตัดภาพและอาจทำให้ภาพตัวอย่างล่าช้าเพิ่มขึ้น|Chống rung nâng cao cắt khung hình và có thể tăng độ trễ xem trước.
当前镜头或录制规格不支持增强防抖。|目前鏡頭或錄製規格不支援增強防震。|This lens or recording format does not support enhanced stabilization.|現在のレンズまたは録画設定は強化手ぶれ補正に対応していません。|현재 렌즈 또는 녹화 설정은 향상된 손떨림 보정을 지원하지 않습니다.|Este objetivo o formato de grabación no admite la estabilización mejorada.|Cet objectif ou format d’enregistrement ne prend pas en charge la stabilisation renforcée.|Dieses Objektiv oder Aufnahmeformat unterstützt keine verstärkte Stabilisierung.|Questo obiettivo o formato di registrazione non supporta la stabilizzazione avanzata.|Esta lente ou formato de gravação não permite estabilização aprimorada.|Этот объектив или формат записи не поддерживает усиленную стабилизацию.|لا تدعم هذه العدسة أو صيغة التسجيل التثبيت المحسّن.|यह लेंस या रिकॉर्डिंग फ़ॉर्मैट बेहतर स्थिरीकरण का समर्थन नहीं करता।|Lensa atau format rekaman ini tidak mendukung stabilisasi ditingkatkan.|เลนส์หรือรูปแบบการบันทึกนี้ไม่รองรับระบบกันสั่นขั้นสูง|Ống kính hoặc định dạng quay này không hỗ trợ chống rung nâng cao.
拍摄选项|拍攝選項|Capture options|撮影オプション|촬영 옵션|Opciones de captura|Options de prise de vue|Aufnahmeoptionen|Opzioni di acquisizione|Opções de captura|Параметры съёмки|خيارات التصوير|कैप्चर विकल्प|Opsi pengambilan|ตัวเลือกการถ่าย|Tùy chọn chụp
帧速率|影格率|Frame rate|フレームレート|프레임률|Fotogramas por segundo|Fréquence d’images|Bildrate|Frequenza fotogrammi|Taxa de quadros|Частота кадров|معدل الإطارات|फ़्रेम दर|Laju bingkai|อัตราเฟรม|Tốc độ khung hình
像素档位以主画面原片为准，裁切后的成片像素会减少。|像素檔位以主畫面原片為準，裁切後的成片像素會減少。|Resolution refers to the main camera original. Cropping reduces the exported pixel count.|解像度はメインカメラの原本を基準とします。トリミングで出力画素数が減ります。|해상도는 주 카메라 원본 기준입니다. 자르기를 적용하면 내보낸 사진의 픽셀 수가 줄어듭니다.|La resolución corresponde al original de la cámara principal. El recorte reduce los píxeles exportados.|La résolution correspond à l’original de la caméra principale. Le recadrage réduit les pixels exportés.|Die Auflösung bezieht sich auf das Original der Hauptkamera. Zuschneiden reduziert die exportierte Pixelzahl.|La risoluzione si riferisce all’originale della fotocamera principale. Il ritaglio riduce i pixel esportati.|A resolução corresponde ao original da câmera principal. O recorte reduz os pixels exportados.|Разрешение указано для оригинала основной камеры. Кадрирование уменьшает число пикселей при экспорте.|تشير الدقة إلى أصل الكاميرا الرئيسية. يقلل الاقتصاص عدد البكسلات المصدّرة.|रिज़ॉल्यूशन मुख्य कैमरे के मूल चित्र का है। क्रॉप करने पर निर्यात में पिक्सल कम होते हैं।|Resolusi mengacu pada foto asli kamera utama. Pemotongan mengurangi jumlah piksel ekspor.|ความละเอียดอ้างอิงจากภาพต้นฉบับของกล้องหลัก การครอบตัดจะลดจำนวนพิกเซลที่ส่งออก|Độ phân giải tính theo ảnh gốc của camera chính. Cắt ảnh làm giảm số điểm ảnh xuất ra.
RAW 原片保留在 App 中，合成照片使用 HEIF 或 JPEG。|RAW 原片保留在 App 中，合成照片使用 HEIF 或 JPEG。|RAW originals stay in the app. Composed photos use HEIF or JPEG.|RAW原本はアプリ内に保存されます。合成写真はHEIFまたはJPEGになります。|RAW 원본은 앱에 보관됩니다. 합성 사진은 HEIF 또는 JPEG를 사용합니다.|Los originales RAW se guardan en la app. Las fotos compuestas usan HEIF o JPEG.|Les originaux RAW restent dans l’app. Les photos composées utilisent HEIF ou JPEG.|RAW-Originale bleiben in der App. Zusammengesetzte Fotos verwenden HEIF oder JPEG.|Gli originali RAW restano nell’app. Le foto composte usano HEIF o JPEG.|Os originais RAW ficam no app. As fotos compostas usam HEIF ou JPEG.|Оригиналы RAW остаются в приложении. Составные фото сохраняются в HEIF или JPEG.|تبقى أصول RAW في التطبيق. تستخدم الصور المركبة HEIF أو JPEG.|RAW मूल चित्र ऐप में रहते हैं। संयुक्त फ़ोटो HEIF या JPEG में होती हैं।|Foto asli RAW disimpan di aplikasi. Foto gabungan menggunakan HEIF atau JPEG.|ภาพต้นฉบับ RAW จะเก็บไว้ในแอป ภาพรวมใช้ HEIF หรือ JPEG|Ảnh RAW gốc được giữ trong ứng dụng. Ảnh ghép dùng HEIF hoặc JPEG.
仅前置|僅前置|Front only|前面のみ|전면만|Solo frontal|Avant uniquement|Nur Frontkamera|Solo anteriore|Só frontal|Только передняя|الأمامية فقط|केवल फ़्रंट|Depan saja|เฉพาะกล้องหน้า|Chỉ camera trước
仅后置|僅後置|Rear only|背面のみ|후면만|Solo trasera|Arrière uniquement|Nur Rückkamera|Solo posteriore|Só traseira|Только задняя|الخلفية فقط|केवल रियर|Belakang saja|เฉพาะกล้องหลัง|Chỉ camera sau
保存到相册时可选择镜头或双摄合成，原片保留在 App 中。|儲存至相簿時可選擇鏡頭或雙鏡頭合成，原檔保留在 App 中。|Choose a camera or the dual-camera composition when saving to Photos. Originals stay in the app.|写真に保存する際に、カメラ別または2つのカメラの合成を選べます。原本はアプリに残ります。|사진에 저장할 때 카메라별 영상 또는 듀얼 카메라 합성을 선택할 수 있습니다. 원본은 앱에 보관됩니다.|Al guardar en Fotos, elige una cámara o la composición de ambas. Los originales se conservan en la app.|Choisissez une caméra ou la composition des deux lors de l’enregistrement dans Photos. Les originaux restent dans l’app.|Beim Sichern in Fotos eine Kamera oder die Kombination beider wählen. Die Originale bleiben in der App.|Quando salvi in Foto, scegli una fotocamera o la composizione di entrambe. Gli originali restano nell’app.|Ao salvar em Fotos, escolha uma câmera ou a composição das duas. Os originais ficam no app.|При сохранении в Фото выберите камеру или совмещённое изображение. Оригиналы остаются в приложении.|اختر كاميرا أو دمج الكاميرتين عند الحفظ في الصور. تبقى الملفات الأصلية في التطبيق.|फ़ोटो में सहेजते समय एक कैमरा या दोनों का संयोजन चुनें। मूल फ़ाइलें ऐप में रहती हैं।|Pilih satu kamera atau gabungan dua kamera saat menyimpan ke Foto. File asli tetap di aplikasi.|เลือกกล้องหนึ่งตัวหรือภาพรวมจากกล้องคู่เมื่อบันทึกไปยังรูปภาพ ต้นฉบับยังอยู่ในแอป|Chọn một camera hoặc ảnh ghép hai camera khi lưu vào Ảnh. Bản gốc vẫn được giữ trong ứng dụng.
取消|取消|Cancel|キャンセル|취소|Cancelar|Annuler|Abbrechen|Annulla|Cancelar|Отмена|إلغاء|रद्द करें|Batal|ยกเลิก|Hủy
实况视频原片不可用，照片原片仍保留在 App 中。|實況影片原檔無法使用，照片原檔仍保留在 App 中。|The Live Photo video original is unavailable. The original photo is still in the app.|Live Photoの動画原本を利用できません。写真の原本はアプリに残っています。|Live Photo 동영상 원본을 사용할 수 없습니다. 사진 원본은 앱에 보관되어 있습니다.|El vídeo original de Live Photo no está disponible. La foto original sigue en la app.|La vidéo originale de la Live Photo est indisponible. La photo originale reste dans l’app.|Das Originalvideo des Live Photos ist nicht verfügbar. Das Originalfoto bleibt in der App.|Il video originale della Live Photo non è disponibile. La foto originale è ancora nell’app.|O vídeo original da Live Photo está indisponível. A foto original continua no app.|Оригинальное видео Live Photo недоступно. Исходное фото остаётся в приложении.|الفيديو الأصلي لـ Live Photo غير متاح. تبقى الصورة الأصلية في التطبيق.|Live Photo का मूल वीडियो उपलब्ध नहीं है। मूल फ़ोटो अभी भी ऐप में है।|Video asli Live Photo tidak tersedia. Foto asli masih ada di aplikasi.|วิดีโอต้นฉบับของ Live Photo ไม่พร้อมใช้งาน ภาพต้นฉบับยังอยู่ในแอป|Video gốc của Live Photo không khả dụng. Ảnh gốc vẫn còn trong ứng dụng.
已保存到相册（%@）。原片仍保留在 App 中。|已儲存至相簿（%@）。原檔仍保留在 App 中。|Saved to Photos (%@). Originals remain in the app.|写真に保存しました（%@）。原本はアプリに残ります。|사진에 저장했습니다(%@). 원본은 앱에 보관됩니다.|Guardado en Fotos (%@). Los originales siguen en la app.|Enregistré dans Photos (%@). Les originaux restent dans l’app.|In Fotos gesichert (%@). Die Originale bleiben in der App.|Salvato in Foto (%@). Gli originali restano nell’app.|Salvo em Fotos (%@). Os originais ficam no app.|Сохранено в Фото (%@). Оригиналы остаются в приложении.|تم الحفظ في الصور (%@). تبقى الملفات الأصلية في التطبيق.|फ़ोटो में सहेजा गया (%@)। मूल फ़ाइलें ऐप में रहती हैं।|Disimpan ke Foto (%@). File asli tetap di aplikasi.|บันทึกไปยังรูปภาพแล้ว (%@) ต้นฉบับยังอยู่ในแอป|Đã lưu vào Ảnh (%@). Bản gốc vẫn được giữ trong ứng dụng.
所选画面的原片不可用，请选择其他保存方式。|所選畫面的原檔無法使用，請選擇其他儲存方式。|The selected camera original is unavailable. Choose another save option.|選択したカメラの原本を利用できません。別の保存方法を選んでください。|선택한 카메라 원본을 사용할 수 없습니다. 다른 저장 방법을 선택해 주세요.|El original de la cámara elegida no está disponible. Elige otra opción de guardado.|L’original de la caméra sélectionnée est indisponible. Choisissez une autre option d’enregistrement.|Das Original der gewählten Kamera ist nicht verfügbar. Bitte eine andere Speicheroption wählen.|L’originale della fotocamera selezionata non è disponibile. Scegli un’altra opzione di salvataggio.|O original da câmera selecionada está indisponível. Escolha outra opção para salvar.|Оригинал выбранной камеры недоступен. Выберите другой способ сохранения.|الملف الأصلي للكاميرا المحددة غير متاح. اختر طريقة حفظ أخرى.|चुने गए कैमरे की मूल फ़ाइल उपलब्ध नहीं है। सहेजने का दूसरा विकल्प चुनें।|File asli kamera yang dipilih tidak tersedia. Pilih opsi penyimpanan lain.|ต้นฉบับจากกล้องที่เลือกไม่พร้อมใช้งาน โปรดเลือกวิธีบันทึกอื่น|Bản gốc của camera đã chọn không khả dụng. Vui lòng chọn cách lưu khác.
正在准备所选画面…|正在準備所選畫面…|Preparing the selected view…|選択した映像を準備中…|선택한 화면 준비 중…|Preparando la vista seleccionada…|Préparation de la vue sélectionnée…|Ausgewählte Aufnahme wird vorbereitet…|Preparazione della vista selezionata…|Preparando a imagem selecionada…|Подготовка выбранного изображения…|جارٍ تجهيز العرض المحدد…|चुना गया दृश्य तैयार हो रहा है…|Menyiapkan tampilan yang dipilih…|กำลังเตรียมภาพที่เลือก…|Đang chuẩn bị hình ảnh đã chọn…
正在合成，请保持 App 在前台…|正在合成，請保持 App 在前景…|Composing. Keep the app open…|合成中です。アプリを開いたままにしてください…|합성 중입니다. 앱을 열어 두세요…|Creando la composición. Mantén la app abierta…|Composition en cours. Gardez l’app ouverte…|Aufnahmen werden kombiniert. Bitte die App geöffnet lassen…|Composizione in corso. Tieni aperta l’app…|Compondo. Mantenha o app aberto…|Совмещение. Оставьте приложение открытым…|جارٍ الدمج. أبقِ التطبيق مفتوحًا…|संयोजन जारी है। ऐप खुला रखें…|Menggabungkan. Biarkan aplikasi tetap terbuka…|กำลังรวมภาพ โปรดเปิดแอปค้างไว้…|Đang ghép. Vui lòng giữ ứng dụng mở…
照片原片无法读取。|照片原檔無法讀取。|The original photo could not be read.|写真の原本を読み込めません。|사진 원본을 읽을 수 없습니다.|No se pudo leer la foto original.|Impossible de lire la photo originale.|Das Originalfoto konnte nicht gelesen werden.|Impossibile leggere la foto originale.|Não foi possível ler a foto original.|Не удалось прочитать исходное фото.|تعذّرت قراءة الصورة الأصلية.|मूल फ़ोटो पढ़ी नहीं जा सकी।|Foto asli tidak dapat dibaca.|ไม่สามารถอ่านภาพต้นฉบับได้|Không thể đọc ảnh gốc.
双摄同时保存|雙鏡頭同時儲存|Save both cameras|両方のカメラを保存|두 카메라 모두 저장|Guardar ambas cámaras|Enregistrer les deux caméras|Beide Kameras sichern|Salva entrambe le fotocamere|Salvar as duas câmeras|Сохранять обе камеры|حفظ الكاميرتين|दोनों कैमरों से सहेजें|Simpan kedua kamera|บันทึกทั้งสองกล้อง|Lưu cả hai camera
前置和后置各保存一份；单摄拍摄只保存一份。|前置與後置各儲存一份；單鏡頭拍攝只儲存一份。|Save front and rear views separately. Single-camera captures save one item.|前面と背面を別々に保存します。シングルカメラ撮影は1件のみ保存します。|전면과 후면을 각각 저장합니다. 단일 카메라 촬영은 한 개만 저장합니다.|Guarda las vistas frontal y trasera por separado. Con una sola cámara se guarda un archivo.|Enregistre séparément les vues avant et arrière. Avec une seule caméra, un seul élément est enregistré.|Front- und Rückansicht separat sichern. Bei einer Kamera wird nur eine Aufnahme gesichert.|Salva separatamente le viste anteriore e posteriore. Con una sola fotocamera viene salvato un elemento.|Salva as imagens frontal e traseira separadamente. Com uma câmera, salva um único item.|Передняя и задняя камеры сохраняются отдельно. При съёмке одной камерой сохраняется один файл.|احفظ العرض الأمامي والخلفي كلًا على حدة. يُحفظ عنصر واحد عند التصوير بكاميرا واحدة.|फ़्रंट और रियर दृश्य अलग-अलग सहेजें। एक कैमरे से कैप्चर करने पर एक ही फ़ाइल सहेजी जाती है।|Simpan tampilan depan dan belakang secara terpisah. Pengambilan dengan satu kamera menyimpan satu item.|บันทึกภาพจากกล้องหน้าและกล้องหลังแยกกัน การถ่ายด้วยกล้องเดียวจะบันทึกเพียงรายการเดียว|Lưu riêng hình ảnh từ camera trước và sau. Khi chụp bằng một camera, chỉ lưu một mục.
按你的设置自动保存照片、实况照片和视频到系统相册，原片保留在 App 中。|依你的設定自動儲存照片、原況照片與影片至系統相簿，原檔保留在 App 中。|Automatically save photos, Live Photos and videos to Photos according to your settings. Originals stay in the app.|設定に従って写真、Live Photo、動画を写真に自動保存します。原本はアプリに残ります。|설정에 따라 사진, Live Photo 및 동영상을 사진 앱에 자동 저장합니다. 원본은 앱에 보관됩니다.|Guarda automáticamente fotos, Live Photos y vídeos en Fotos según tus ajustes. Los originales quedan en la app.|Enregistre automatiquement les photos, Live Photos et vidéos dans Photos selon vos réglages. Les originaux restent dans l’app.|Fotos, Live Photos und Videos gemäß deinen Einstellungen automatisch in Fotos sichern. Die Originale bleiben in der App.|Salva automaticamente foto, Live Photo e video in Foto secondo le tue impostazioni. Gli originali restano nell’app.|Salva automaticamente fotos, Live Photos e vídeos em Fotos conforme seus ajustes. Os originais ficam no app.|Автоматически сохраняет фото, Live Photos и видео в Фото согласно вашим настройкам. Оригиналы остаются в приложении.|احفظ الصور وLive Photos والفيديو تلقائيًا في الصور وفق إعداداتك. تبقى الملفات الأصلية في التطبيق.|आपकी सेटिंग के अनुसार फ़ोटो, Live Photos और वीडियो अपने आप फ़ोटो में सहेजें। मूल फ़ाइलें ऐप में रहती हैं।|Simpan foto, Live Photo, dan video secara otomatis ke Foto sesuai pengaturan Anda. File asli tetap di aplikasi.|บันทึกรูปภาพ Live Photo และวิดีโอไปยังรูปภาพโดยอัตโนมัติตามการตั้งค่าของคุณ ต้นฉบับยังอยู่ในแอป|Tự động lưu ảnh, Live Photo và video vào Ảnh theo cài đặt của bạn. Bản gốc vẫn được giữ trong ứng dụng.
待确认|待確認|Unverified|未確認|미확인|Sin verificar|Non vérifié|Ungeprüft|Da verificare|Não verificado|Не проверено|غير مؤكد|अपुष्ट|Belum diverifikasi|ยังไม่ยืนยัน|Chưa xác minh
待保存|待儲存|Pending|保存待ち|저장 대기|Pendiente|En attente|Ausstehend|In attesa|Pendente|Ожидание|قيد الانتظار|लंबित|Menunggu|รอบันทึก|Chờ lưu
处理中|處理中|Processing|処理中|처리 중|Procesando|Traitement|Verarbeitung|Elaborazione|Processando|Обработка|جارٍ المعالجة|प्रक्रिया जारी|Memproses|กำลังประมวลผล|Đang xử lý
存入相册中|存入相簿中|Saving to Photos|写真に保存中|사진에 저장 중|Guardando en Fotos|Enregistrement dans Photos|In Fotos speichern|Salvataggio in Foto|Salvando no Fotos|Сохранение в Фото|جارٍ الحفظ في الصور|फ़ोटो में सहेज रहे हैं|Menyimpan ke Foto|กำลังบันทึกในรูปภาพ|Đang lưu vào Ảnh
已存相册|已存相簿|Saved to Photos|写真に保存済み|사진에 저장됨|Guardado en Fotos|Enregistré dans Photos|In Fotos gespeichert|Salvato in Foto|Salvo no Fotos|Сохранено в Фото|تم الحفظ في الصور|फ़ोटो में सहेजा गया|Tersimpan di Foto|บันทึกในรูปภาพแล้ว|Đã lưu vào Ảnh
保存失败|儲存失敗|Save failed|保存失敗|저장 실패|Error al guardar|Échec de l’enregistrement|Speichern fehlgeschlagen|Salvataggio non riuscito|Falha ao salvar|Ошибка сохранения|فشل الحفظ|सहेजना विफल|Gagal menyimpan|บันทึกไม่สำเร็จ|Lưu thất bại
结果待确认|結果待確認|Result unconfirmed|結果未確認|결과 미확인|Resultado sin confirmar|Résultat non confirmé|Ergebnis unbestätigt|Esito da confermare|Resultado não confirmado|Результат не подтверждён|النتيجة غير مؤكدة|परिणाम अपुष्ट|Hasil belum dikonfirmasi|ยังไม่ยืนยันผล|Chưa xác nhận kết quả
没有可靠的保存记录，请在系统相册核对。|沒有可靠的儲存紀錄，請在系統相簿核對。|No confirmed save record. Please check Photos.|保存記録を確認できません。「写真」でご確認ください。|확인된 저장 기록이 없습니다. 사진 앱에서 확인하세요.|No hay un registro confirmado. Comprueba Fotos.|Aucun enregistrement confirmé. Vérifiez dans Photos.|Kein bestätigter Speichernachweis. Bitte in Fotos prüfen.|Nessun salvataggio confermato. Controlla in Foto.|Nenhum registro confirmado. Confira no Fotos.|Нет подтверждения сохранения. Проверьте в Фото.|لا يوجد سجل حفظ مؤكد. تحقق في الصور.|सहेजने का पुष्ट रिकॉर्ड नहीं है। फ़ोटो में जाँचें।|Tidak ada catatan penyimpanan terkonfirmasi. Periksa Foto.|ไม่มีบันทึกการบันทึกที่ยืนยันแล้ว โปรดตรวจสอบในรูปภาพ|Không có bản ghi lưu đã xác nhận. Hãy kiểm tra Ảnh.
系统相册|系統相簿|Photos|写真|사진|Fotos|Photos|Fotos|Foto|Fotos|Фото|الصور|फ़ोटो|Foto|รูปภาพ|Ảnh
请解锁后打开系统相册。|請解鎖後開啟系統相簿。|Unlock your device to open Photos.|ロックを解除して「写真」を開いてください。|기기 잠금을 해제한 후 사진 앱을 여세요.|Desbloquea el dispositivo para abrir Fotos.|Déverrouillez l’appareil pour ouvrir Photos.|Entsperre das Gerät, um Fotos zu öffnen.|Sblocca il dispositivo per aprire Foto.|Desbloqueie o dispositivo para abrir Fotos.|Разблокируйте устройство, чтобы открыть Фото.|افتح قفل الجهاز لفتح الصور.|फ़ोटो खोलने के लिए डिवाइस अनलॉक करें।|Buka kunci perangkat untuk membuka Foto.|ปลดล็อกอุปกรณ์เพื่อเปิดรูปภาพ|Mở khóa thiết bị để mở Ảnh.
无法打开系统相册，请从主屏幕打开“照片”。|無法開啟系統相簿，請從主畫面開啟「照片」。|Unable to open Photos. Open it from the Home Screen.|「写真」を開けません。ホーム画面から開いてください。|사진 앱을 열 수 없습니다. 홈 화면에서 열어 주세요.|No se puede abrir Fotos. Ábrela desde la pantalla de inicio.|Impossible d’ouvrir Photos. Ouvrez l’app depuis l’écran d’accueil.|Fotos konnte nicht geöffnet werden. Öffne die App auf dem Home-Bildschirm.|Impossibile aprire Foto. Aprila dalla schermata Home.|Não foi possível abrir o Fotos. Abra pela Tela de Início.|Не удалось открыть Фото. Откройте приложение с главного экрана.|تعذر فتح الصور. افتحه من الشاشة الرئيسية.|फ़ोटो नहीं खुल सका। इसे होम स्क्रीन से खोलें।|Tidak dapat membuka Foto. Buka dari Layar Utama.|เปิดรูปภาพไม่ได้ โปรดเปิดจากหน้าจอโฮม|Không thể mở Ảnh. Hãy mở từ Màn hình chính.
自动保存|自動儲存|Automatic save|自動保存|자동 저장|Guardado automático|Enregistrement automatique|Automatisch speichern|Salvataggio automatico|Salvamento automático|Автосохранение|الحفظ التلقائي|अपने-आप सहेजें|Simpan otomatis|บันทึกอัตโนมัติ|Lưu tự động
已保存 %@ 份|已儲存 %@ 份|Saved %@ items|%@件を保存済み|%@개 저장됨|%@ elementos guardados|%@ éléments enregistrés|%@ Objekte gespeichert|%@ elementi salvati|%@ itens salvos|Сохранено: %@|تم حفظ %@ عناصر|%@ आइटम सहेजे गए|%@ item tersimpan|บันทึกแล้ว %@ รายการ|Đã lưu %@ mục
重试保存|重試儲存|Retry save|保存を再試行|저장 재시도|Reintentar guardado|Réessayer|Erneut speichern|Riprova a salvare|Tentar salvar novamente|Повторить сохранение|إعادة محاولة الحفظ|फिर सहेजें|Coba simpan lagi|ลองบันทึกอีกครั้ง|Thử lưu lại
手动另存|手動另存|Manual copies|手動で保存したコピー|수동 저장 사본|Copias manuales|Copies manuelles|Manuelle Kopien|Copie manuali|Cópias manuais|Ручные копии|النسخ اليدوية|मैन्युअल प्रतियाँ|Salinan manual|สำเนาที่บันทึกเอง|Bản sao lưu thủ công
这里记录保存成功的历史；在系统相册中删除的内容不会自动补存。|這裡記錄儲存成功的歷史；在系統相簿中刪除的內容不會自動補存。|This records successful saves. Items deleted from Photos are not automatically saved again.|保存成功の履歴です。「写真」で削除した項目は自動で再保存されません。|성공한 저장 기록입니다. 사진 앱에서 삭제한 항목은 자동으로 다시 저장되지 않습니다.|Se registran los guardados correctos. Lo eliminado de Fotos no se guarda de nuevo automáticamente.|Cet historique indique les enregistrements réussis. Les éléments supprimés de Photos ne sont pas réenregistrés automatiquement.|Dies ist der Verlauf erfolgreicher Speicherungen. In Fotos gelöschte Objekte werden nicht automatisch erneut gespeichert.|Questa è la cronologia dei salvataggi riusciti. Gli elementi eliminati da Foto non vengono salvati di nuovo automaticamente.|Este é o histórico de salvamentos concluídos. Itens apagados do Fotos não são salvos novamente de forma automática.|Здесь показана история успешных сохранений. Удалённые из Фото материалы не сохраняются повторно автоматически.|هذا سجل عمليات الحفظ الناجحة. لا تُحفظ العناصر المحذوفة من الصور مجددًا تلقائيًا.|यह सफलतापूर्वक सहेजने का इतिहास है। फ़ोटो से हटाए गए आइटम अपने-आप फिर से नहीं सहेजे जाते।|Ini riwayat penyimpanan yang berhasil. Item yang dihapus dari Foto tidak otomatis disimpan lagi.|นี่คือประวัติการบันทึกสำเร็จ รายการที่ลบจากรูปภาพจะไม่ถูกบันทึกซ้ำอัตโนมัติ|Đây là lịch sử lưu thành công. Mục đã xóa khỏi Ảnh sẽ không tự động được lưu lại.
相册保存状态|相簿儲存狀態|Photos save status|写真への保存状況|사진 저장 상태|Estado de guardado en Fotos|État d’enregistrement dans Photos|Speicherstatus in Fotos|Stato salvataggio in Foto|Status de salvamento no Fotos|Статус сохранения в Фото|حالة الحفظ في الصور|फ़ोटो में सहेजने की स्थिति|Status penyimpanan Foto|สถานะการบันทึกในรูปภาพ|Trạng thái lưu vào Ảnh
重新保存可能产生重复内容。|重新儲存可能產生重複內容。|Saving again may create duplicates.|再保存すると重複する場合があります。|다시 저장하면 중복 항목이 생길 수 있습니다.|Guardar de nuevo puede crear duplicados.|Un nouvel enregistrement peut créer des doublons.|Erneutes Speichern kann Duplikate erzeugen.|Salvare di nuovo può creare duplicati.|Salvar novamente pode criar duplicatas.|Повторное сохранение может создать дубликаты.|قد تؤدي إعادة الحفظ إلى إنشاء نسخ مكررة.|फिर से सहेजने पर डुप्लिकेट बन सकते हैं।|Menyimpan ulang dapat membuat duplikat.|การบันทึกซ้ำอาจทำให้มีรายการซ้ำ|Lưu lại có thể tạo bản trùng lặp.
等待返回 App|等待返回 App|Waiting for you to return|アプリに戻るまで待機|앱으로 돌아오기를 기다리는 중|Esperando a que vuelvas|En attente de votre retour|Warten auf Rückkehr zur App|In attesa del ritorno all’app|Aguardando seu retorno|Ожидание возврата в приложение|بانتظار العودة إلى التطبيق|ऐप में वापस आने की प्रतीक्षा|Menunggu kembali ke app|รอให้กลับเข้าแอป|Chờ quay lại ứng dụng
等待降温|等待降溫|Waiting to cool down|冷却待ち|온도 하강 대기|Esperando a que se enfríe|En attente de refroidissement|Warten auf Abkühlung|In attesa del raffreddamento|Aguardando resfriamento|Ожидание охлаждения|بانتظار انخفاض الحرارة|तापमान घटने की प्रतीक्षा|Menunggu suhu turun|รอให้อุณหภูมิลดลง|Chờ hạ nhiệt
等待拍摄结束|等待拍攝結束|Waiting for capture to finish|撮影終了待ち|촬영 종료 대기|Esperando el fin de la captura|En attente de la fin de la capture|Warten auf Aufnahmeende|In attesa della fine della ripresa|Aguardando o fim da captura|Ожидание завершения съёмки|بانتظار انتهاء التصوير|कैप्चर पूरा होने की प्रतीक्षा|Menunggu pemotretan selesai|รอให้ถ่ายเสร็จ|Chờ chụp xong
等待相机负载降低|等待相機負載降低|Waiting for camera load to decrease|カメラ負荷の低下待ち|카메라 부하 감소 대기|Esperando menor carga de cámara|En attente d’une baisse de charge de la caméra|Warten auf geringere Kameralast|In attesa di un minore carico della fotocamera|Aguardando menor carga da câmera|Ожидание снижения нагрузки камеры|بانتظار انخفاض حمل الكاميرا|कैमरा लोड घटने की प्रतीक्षा|Menunggu beban kamera berkurang|รอให้ภาระกล้องลดลง|Chờ giảm tải máy ảnh
低电量模式：进入回忆继续保存|低耗電模式：進入回憶繼續儲存|Low Power Mode: open Memories to continue saving|低電力モード：思い出を開くと保存を続行|저전력 모드: 추억을 열면 저장이 계속됩니다|Modo de bajo consumo: abre Recuerdos para seguir guardando|Mode économie d’énergie : ouvrez Souvenirs pour continuer|Stromsparmodus: Erinnerungen öffnen, um weiter zu speichern|Risparmio energetico: apri Ricordi per continuare a salvare|Modo Pouca Energia: abra Memórias para continuar salvando|Режим энергосбережения: откройте воспоминания для продолжения|نمط الطاقة المنخفضة: افتح الذكريات لمتابعة الحفظ|कम पावर मोड: सहेजना जारी रखने के लिए यादें खोलें|Mode Daya Rendah: buka Kenangan untuk melanjutkan|โหมดประหยัดพลังงาน: เปิดความทรงจำเพื่อบันทึกต่อ|Chế độ nguồn điện thấp: mở Kỷ niệm để tiếp tục lưu
等待降温，或进入回忆继续保存|等待降溫，或進入回憶繼續儲存|Wait to cool down, or open Memories to continue saving|冷却を待つか、思い出を開いて保存を続行|온도가 내려갈 때까지 기다리거나 추억을 열어 저장하세요|Espera a que se enfríe o abre Recuerdos para seguir guardando|Attendez le refroidissement ou ouvrez Souvenirs pour continuer|Abkühlung abwarten oder Erinnerungen zum Weiterspeichern öffnen|Attendi il raffreddamento o apri Ricordi per continuare a salvare|Aguarde esfriar ou abra Memórias para continuar salvando|Дождитесь охлаждения или откройте воспоминания для продолжения|انتظر انخفاض الحرارة أو افتح الذكريات لمتابعة الحفظ|तापमान घटने दें या जारी रखने के लिए यादें खोलें|Tunggu suhu turun atau buka Kenangan untuk melanjutkan|รอให้อุณหภูมิลดลง หรือเปิดความทรงจำเพื่อบันทึกต่อ|Chờ hạ nhiệt hoặc mở Kỷ niệm để tiếp tục lưu
正在排队|正在排隊|Queued|順番待ち|대기열에 있음|En cola|Dans la file|In Warteschlange|In coda|Na fila|В очереди|في قائمة الانتظار|कतार में|Dalam antrean|อยู่ในคิว|Trong hàng đợi
系统相册已完成写入，但保存记录未能更新，请先在相册核对。|系統相簿已完成寫入，但儲存紀錄未能更新，請先在相簿核對。|Photos saved the item, but the save record could not be updated. Please check Photos first.|「写真」に保存されましたが、保存記録を更新できませんでした。先に「写真」で確認してください。|사진 앱에 저장했으나 저장 기록을 갱신하지 못했습니다. 먼저 사진 앱에서 확인하세요.|Fotos guardó el elemento, pero no se pudo actualizar el registro. Comprueba Fotos primero.|Photos a enregistré l’élément, mais le suivi n’a pas pu être mis à jour. Vérifiez d’abord Photos.|Fotos hat das Objekt gespeichert, aber der Eintrag konnte nicht aktualisiert werden. Bitte zuerst Fotos prüfen.|Foto ha salvato l’elemento, ma non è stato possibile aggiornare il registro. Controlla prima in Foto.|O Fotos salvou o item, mas o registro não pôde ser atualizado. Confira o Fotos primeiro.|Материал сохранён в Фото, но запись об этом не обновлена. Сначала проверьте Фото.|تم الحفظ في الصور لكن تعذر تحديث سجل الحفظ. تحقق من الصور أولًا.|फ़ोटो में आइटम सहेजा गया, लेकिन रिकॉर्ड अपडेट नहीं हुआ। पहले फ़ोटो में जाँचें।|Foto telah menyimpan item, tetapi catatan gagal diperbarui. Periksa Foto dahulu.|รูปภาพบันทึกแล้ว แต่ไม่สามารถอัปเดตบันทึกสถานะได้ โปรดตรวจสอบรูปภาพก่อน|Ảnh đã lưu mục nhưng không cập nhật được bản ghi. Hãy kiểm tra Ảnh trước.
当前设备受系统限制，无法关闭快门声音。|目前裝置受系統限制，無法關閉快門聲音。|System restrictions on this device prevent turning off the shutter sound.|このデバイスではシステムの制限によりシャッター音をオフにできません。|이 기기에서는 시스템 제한으로 인해 셔터 소리를 끌 수 없습니다.|Las restricciones del sistema de este dispositivo impiden desactivar el sonido del obturador.|Les restrictions système de cet appareil empêchent de désactiver le son de l’obturateur.|Auf diesem Gerät lässt sich der Auslöserton aufgrund von Systembeschränkungen nicht ausschalten.|Le restrizioni di sistema di questo dispositivo impediscono di disattivare il suono dell’otturatore.|As restrições do sistema deste dispositivo impedem a desativação do som do obturador.|Системные ограничения этого устройства не позволяют отключить звук затвора.|تمنع قيود النظام على هذا الجهاز إيقاف صوت الغالق.|इस डिवाइस पर सिस्टम की पाबंदियों के कारण शटर की आवाज़ बंद नहीं की जा सकती।|Batasan sistem pada perangkat ini mencegah suara rana dinonaktifkan.|ข้อจำกัดของระบบบนอุปกรณ์นี้ไม่อนุญาตให้ปิดเสียงชัตเตอร์|Giới hạn hệ thống trên thiết bị này không cho phép tắt âm thanh màn trập.
快门声音|快門聲音|Shutter sound|シャッター音|셔터 소리|Sonido del obturador|Son de l’obturateur|Auslöserton|Suono dell’otturatore|Som do obturador|Звук затвора|صوت الغالق|शटर की आवाज़|Suara rana|เสียงชัตเตอร์|Âm thanh màn trập
控制所有拍照的快门提示音，包括录像中拍照。不影响视频和实况照片的录音。|控制所有拍照的快門提示音，包括錄影中拍照。不影響影片和原況照片的錄音。|Controls the shutter sound for all photos, including photos taken while recording. Does not affect audio in videos or Live Photos.|動画撮影中の写真を含む、すべての写真のシャッター音を設定します。動画やLive Photosの録音には影響しません。|동영상 녹화 중 촬영한 사진을 포함한 모든 사진의 셔터 소리를 설정합니다. 동영상 및 Live Photo의 오디오 녹음에는 영향을 주지 않습니다.|Controla el sonido del obturador de todas las fotos, incluidas las tomadas durante una grabación. No afecta al audio de los vídeos ni de las Live Photos.|Contrôle le son de toutes les prises de vue, y compris pendant un enregistrement vidéo. N’affecte pas le son des vidéos ni des Live Photos.|Steuert den Auslöserton für alle Fotos, auch während einer Videoaufnahme. Die Tonaufnahme von Videos und Live Photos bleibt unverändert.|Controlla il suono di tutti gli scatti, anche durante la registrazione di un video. Non influisce sull’audio di video e Live Photos.|Controla o som de todas as fotos, incluindo as tiradas durante uma gravação. Não afeta o áudio dos vídeos nem das Live Photos.|Управляет звуком затвора при съёмке любых фото, в том числе во время записи видео. Не влияет на запись звука в видео и Live Photos.|يتحكم في صوت الغالق لجميع الصور، بما فيها الصور الملتقطة أثناء تسجيل الفيديو. لا يؤثر على الصوت في الفيديو أو الصور الحية.|वीडियो रिकॉर्डिंग के दौरान ली गई तस्वीरों सहित सभी तस्वीरों के शटर की आवाज़ नियंत्रित करें। वीडियो और Live Photos की ऑडियो रिकॉर्डिंग पर असर नहीं पड़ता।|Mengatur suara rana untuk semua foto, termasuk foto saat merekam video. Tidak memengaruhi audio video atau Live Photos.|ควบคุมเสียงชัตเตอร์สำหรับภาพถ่ายทั้งหมด รวมถึงภาพที่ถ่ายขณะบันทึกวิดีโอ โดยไม่ส่งผลต่อเสียงในวิดีโอหรือ Live Photos|Điều khiển âm thanh màn trập cho mọi ảnh, kể cả ảnh chụp khi quay video. Không ảnh hưởng đến âm thanh trong video hay Live Photos.
